nAcid,nBase,VR1_A,nBridgehead,nF,nCl,ATSC6dv,ATSC2d,ATSC7d,ATSC8d,ATSC3s,ATSC5s,ATSC6s,ATSC7s,ATSC8s,ATSC1Z,ATSC2Z,ATSC3Z,ATSC5Z,ATSC7Z,ATSC8Z,ATSC7v,ATSC1pe,ATSC2i,ATSC3i,ATSC5i,ATSC6i,ATSC7i,ATSC8i,AATSC4dv,AATSC3v,AATSC4v,BCUTdv-1l,C1SP3,NdsCH,NsssCH,NaaaC,NsNH2,NaaNH,NaaN,NsssN,NssO,SdCH2,StCH,SsssCH,SssssC,SdNH,StN,SdsN,SaaO,SdS,SssS,SsBr,PEOE_VSA4,PEOE_VSA5,PEOE_VSA6,PEOE_VSA9,PEOE_VSA10,PEOE_VSA11,PEOE_VSA12,PEOE_VSA13,SMR_VSA9,SlogP_VSA10,EState_VSA2,EState_VSA3,EState_VSA4,EState_VSA5,EState_VSA6,EState_VSA7,VSA_EState5,n5aRing,n5ARing,n5AHRing,n9FRing,n10FRing,nG12FRing,nFAHRing
0,0,26.62309328200856,0,0,3,0.0,-3.875,0.0,0.0,-0.2355490778844689,0.2375685871056241,0.0,0.0,0.0,0.0,-13.5,121.25,-185.25,0.0,0.0,0.0,-1.8388068845354155e-16,-6.1371944226483786,-2.8696346908396784,2.77015343059744,0.0,0.0,0.0,-0.1224279835390943,5.239037127196253,-11.863853113772803,0.7728446855385619,0,0,0,0,0,0,0,0,0,0.0,0.0,0.0,0.0,0.0,0.0,0.0,0.0,0.0,0.0,0.0,0.0,0.0,40.86918673915916,15.067899941223978,0.0,0.0,0.0,0.0,0.0,0.0,0.0,15.067899941223978,0.0,0.0,18.19910120538483,0.0,0.0,0,0,0,0,0,0,0
0,0,26.528644889122223,0,0,3,0.0,-1.875,0.0,0.0,-0.9354423868312756,0.2375685871056241,0.0,0.0,0.0,0.0,-13.5,-390.75,-185.25,0.0,0.0,0.0,-1.8388068845354155e-16,-6.1371944226483786,-3.665484772777678,2.77015343059744,0.0,0.0,0.0,-0.0216049382716046,-21.87834141857017,35.59155934131844,0.7730833712270184,0,0,0,0,0,0,0,0,0,0.0,0.0,0.0,0.0,0.0,0.0,0.0,0.0,0.0,0.0,0.0,0.0,0.0,34.802819670697545,0.0,0.0,0.0,0.0,0.0,0.0,0.0,0.0,15.067899941223978,0.0,0.0,18.19910120538483,0.0,0.0,0,0,0,0,0,0,0
0,0,22.227824945365697,0,0,0,0.0,-3.333333333333334,0.0,0.0,-0.464056069958848,0.5669367283950615,0.0,0.0,0.0,-4.618527782440651e-14,-60.16666666666673,-800.7500000000002,800.7499999999999,0.0,0.0,0.0,8.500145032286355e-17,-4.558443600965982,-4.402522225449001,4.4025222254489895,0.0,0.0,0.0,0.025072397500381,-16.22718489117728,-24.3754863121042,0.2550712846594328,0,0,0,0,0,0,0,0,0,0.0,0.0,0.0,0.0,0.0,0.0,0.0,0.0,0.0,0.0,6.649166666666666,0.0,0.0,31.859887795898697,0.0,0.0,0.0,0.0,0.0,0.0,0.0,0.0,0.0,8.945439031664828,0.0,0.0,24.26546827384644,0.0,0,0,0,0,0,0,0
0,0,172.5202522328238,0,0,0,42.94706994328921,-6.519848771266544,0.8449905482041585,-1.6181474480151228,10.68315479941189,-8.978313379542115,-5.842758874186098,-7.371613106490232,-5.94281663516068,9.16446124763706,53.63137996219277,-69.23440453686197,9.340264650283514,49.83553875236294,-19.026465028355386,401.6494395188213,-0.3047018903591698,3.202032858809752,-18.93701733175688,-8.040153468509454,19.21425964025638,7.800739655887313,-7.75639346666114,-0.6167550866922781,-4.658654277507472,-12.32382549617398,0.9959497096683833,1,0,3,0,0,0,0,0,0,0.0,5.693721550999238,1.7175651927437636,-1.046419582493491,0.0,0.0,0.0,0.0,0.0,0.0,0.0,0.0,6.423349895620259,18.91053858700788,0.0,11.350562644267594,0.0,0.0,0.0,18.093296047759807,0.0,5.41499046939678,23.50322997176809,38.524929737556064,11.126902983393991,0.0,12.13273413692322,4.817586370885207,0,1,0,0,0,1,0
0,0,128.52709064010176,0,0,0,-122.27272727272728,9.3425160697888,-0.1460055096418757,0.2617079889807145,7.255535149474544,-30.767829813284365,-25.935185185185183,-25.0410927456382,5.328818487909402,20.03305785123966,108.65289256198346,130.77685950413223,-214.7190082644628,-63.9173553719008,-21.71074380165289,77.24794882840435,0.1965041322314043,31.639256815732608,-26.211077279901552,14.698863319074489,-19.06592361642225,7.527531857171768,-4.48218975947082,-0.868176716661565,1.0960576315592576,-1.2580169806529813,0.9877921297203388,2,0,0,2,0,0,1,0,0,0.0,0.0,0.0,0.0,0.0,0.0,0.0,0.0,0.0,0.0,0.0,0.0,0.0,13.344558822616634,6.3273200747645415,0.0,11.16387793838399,0.0,5.559266895052008,0.0,0.0,11.24901029325548,17.708634344296563,12.84164324585202,9.13419929558271,24.98976368791028,6.923737199690624,0.0,1,0,0,1,0,0,0
0,0,67.66126855501756,0,0,0,-27.40329218106996,7.499314128943763,12.872427983539092,4.757201646090533,-0.7297286998933088,-43.691358024691375,-11.514631915866486,3.2155921353452275,9.613625971650668,17.19067215363509,117.26886145404656,79.15363511659802,-302.0370370370369,123.30452674897124,113.39917695473252,668.5169207753473,0.0587272976680356,33.85393256807242,-17.991748437321597,10.530448557119575,-15.86312911703752,4.050365251194168,4.9046499339592975,-2.217323143249069,0.0579815452527738,-9.041267011903026,0.9878677008404412,2,0,0,2,0,0,1,0,0,0.0,0.0,0.0,0.0,0.0,0.0,0.0,0.0,0.0,0.0,0.0,0.0,0.0,0.0,6.3273200747645415,0.0,11.16387793838399,0.0,5.559266895052008,0.0,0.0,11.24901029325548,17.708634344296563,0.0,15.46151937034725,25.58618081283636,0.0,0.0,1,0,0,1,0,0,0
0,0,87.92071419812437,0,0,0,-112.93333333333328,8.999999999999996,5.160000000000003,7.200000000000002,3.7486419753086433,-30.344444444444445,-37.57037037037038,0.656296296296293,7.125925925925925,18.73777777777782,113.44444444444446,110.21777777777778,-265.79999999999995,28.95999999999996,58.66666666666665,160.57285899098684,0.1341217777777748,32.818893927060586,-25.95278143067146,1.1070644901645772,-9.348626118199793,0.6142019638924376,-0.6369023317715307,-1.4492592592592597,0.2000700404756188,-1.0101916739301804,0.987794404187706,2,0,0,2,0,0,1,0,0,0.0,0.0,0.0,0.0,0.0,0.0,0.0,0.0,0.0,0.0,0.0,0.0,0.0,6.923737199690624,6.3273200747645415,0.0,11.16387793838399,0.0,5.559266895052008,0.0,0.0,11.24901029325548,17.708634344296563,6.4208216229260096,9.13419929558271,24.98976368791028,6.923737199690624,0.0,1,0,0,1,0,0,0
0,0,41.85719450647461,0,0,0,-16.4375,0.06640625,1.67578125,1.3203125,-2.888888888888889,2.0,-3.666666666666667,0.0,2.0,-0.9375,13.0625,-22.625,-2.75,10.3125,28.125,32.95562617531989,-0.4697109375000003,3.841832526834261,3.033926100799341,-0.4919169681436315,-1.8455797485770036,-0.478384044316514,0.6830719955338157,-1.275,-0.1354931699063227,-18.45623470506952,2.839603581958746,0,0,0,2,1,0,4,0,0,0.0,0.0,0.0,0.0,0.0,0.0,0.0,0.0,0.0,0.0,0.0,4.9839785209472085,0.0,0.0,6.196843571613076,5.516700717616262,5.647177220767728,5.948339280986494,0.0,0.0,5.948339280986494,5.948339280986494,11.16387793838399,0.0,0.0,18.59053071483923,0.0,0.2203703703703705,0,0,0,0,1,0,0
0,0,55.21569814361085,0,0,0,-49.92561983471074,0.5185950413223133,-3.006198347107438,2.417355371900827,4.240587695133148,-1.5840220385674932,-1.7493112947658396,-7.190082644628099,1.5867768595041325,14.214876033057854,56.76859504132231,-15.92561983471073,-67.801652892562,-102.43801652892564,14.462809917355363,-468.0459225975085,0.094557851239666,22.521828828445248,-24.368676634481,-15.570353179503508,1.038075744844264,4.131321262395751,-6.234913959704494,-0.9846805079621044,-12.70363711891146,10.349823219188648,0.9949500353386052,0,0,0,2,0,0,4,1,0,0.0,0.0,0.0,0.0,0.0,0.0,0.0,0.0,0.0,0.0,0.0,4.9839785209472085,0.0,0.0,6.196843571613076,5.516700717616262,5.647177220767728,5.948339280986494,0.0,0.0,5.948339280986494,0.0,17.112217219370486,0.0,0.0,18.59053071483923,18.99525369620486,0.6462962962962964,0,0,0,0,1,0,0
0,0,41.885263680154935,0,0,0,-5.111111111111109,-0.1733333333333336,0.7511111111111112,0.0,5.093333333333334,-13.981111111111112,-4.727777777777779,1.5211111111111113,0.0,0.5377777777777828,-13.759999999999994,21.58222222222222,-44.74222222222223,16.537777777777777,0.0,86.18452553105878,-0.3989888888888899,0.0533109058804321,1.7016679377473958,1.3633684505632182,-0.2045209404886492,0.4684602125516811,0.0,-0.9422222222222224,-0.5764645659671215,-8.703123797814067,2.835041521862502,0,0,0,0,0,1,3,0,0,0.0,0.0,0.0,0.0,0.0,0.0,0.0,0.0,0.0,0.0,0.0,4.9839785209472085,0.0,0.0,0.0,6.3273200747645415,11.518332492848389,0.0,0.0,11.518332492848389,0.0,11.253194889900469,5.824404497999927,0.0,12.524163646377618,6.196843571613076,0.0,0.4652777777777781,0,0,0,0,1,0,0
0,0,50.64895363441995,0,0,0,-22.888888888888893,2.5432098765432105,-0.7777777777777785,1.9012345679012337,2.659722222222222,1.2986111111111112,-0.916666666666666,-4.729166666666666,2.215277777777778,9.777777777777768,22.22222222222221,7.666666666666655,-30.55555555555555,-55.66666666666667,20.777777777777786,-221.37436057353247,-0.1170138888888897,8.02687855744198,-6.456441760108326,-8.682956287407386,1.2842458800761198,2.0356874046100004,-3.11668144025754,-2.2361111111111107,-3.8978092292301754,-5.7199252899047295,0.9975779066414514,0,0,0,2,0,0,4,0,1,0.0,0.0,0.0,0.0,0.0,0.0,0.0,0.0,0.0,0.0,0.0,4.9839785209472085,0.0,0.0,13.30664111289061,5.516700717616262,5.647177220767728,0.0,0.0,6.010464839586836,0.0,0.0,17.17434277797083,0.0,7.109797541277533,18.59053071483923,0.0,0.0,0,0,0,0,1,0,0
0,0,41.857194506474606,0,0,0,-23.740484429065734,0.844290657439447,1.7993079584775085,1.7543252595155707,-3.1149557862360626,-1.486735870818917,-3.618223760092272,1.4532871972318335,2.034602076124567,8.456747404844286,37.259515570934255,-35.62283737024221,-15.145328719723182,14.903114186851214,36.134948096885815,-2.224367726790687,0.0162089965397906,-7.453635909392716,17.364159043426927,1.0642066958318306,2.1580934432629344,-3.085026023990131,1.654409622593035,-1.4764076753696131,1.5534204945973606,-21.78366210821552,0.9959594516012678,1,0,0,2,0,0,4,0,0,0.0,0.0,0.0,0.0,0.0,0.0,0.0,0.0,0.0,0.0,0.0,0.0,0.0,0.0,6.196843571613076,11.341105215616189,5.647177220767728,0.0,0.0,0.0,0.0,0.0,5.647177220767728,11.341105215616189,0.0,18.59053071483923,6.923737199690624,0.7203703703703705,0,0,0,0,1,0,0
0,0,41.857194506474585,0,0,0,-1.0,-2.908587257617727,1.6565096952908582,0.4681440443213295,-4.785472453062482,1.9067405355494,-3.169898430286243,-1.706371191135734,0.5429362880886428,-2.0,-18.0,-44.0,12.0,9.0,9.0,148.7018547852205,-0.2119260387811645,-6.0105413308466416,-6.164486681190129,-3.0378743624753155,2.430962008680158,4.708405939183397,1.5118414789011831,-0.3055555555555556,-7.632073545263532,-9.773359456788148,2.751250469291155,0,0,0,2,0,0,0,0,0,0.0,0.0,0.0,0.0,0.0,0.0,0.0,0.0,0.0,0.0,0.0,0.0,0.0,30.33183534230805,0.0,5.749511833283905,0.0,0.0,0.0,5.749511833283905,0.0,0.0,5.749511833283905,10.772448428929591,0.0,12.13273413692322,30.33183534230805,0.3228703703703706,0,0,0,0,1,0,0
0,0,128.46944571080132,0,0,0,-19.5,2.9375,1.0625,1.15625,0.5989583333333328,-1.2795138888888893,-1.7499999999999996,1.2291666666666674,-0.2881944444444441,14.0625,-14.0625,9.765625,-78.515625,29.6875,-5.46875,267.3388034590772,0.0689062499999986,-3.0751383872524936,2.135512768925427,-17.169522662160134,-10.250461290841905,6.491958817533134,-1.195887150598247,-0.5349702380952381,1.085683899687606,-5.862693058313092,2.7517169346043304,0,0,0,8,0,0,0,0,0,0.0,0.0,0.0,0.0,0.0,0.0,0.0,0.0,0.0,0.0,0.0,0.0,0.0,66.73003775307771,0.0,0.0,0.0,0.0,0.0,0.0,0.0,0.0,0.0,0.0,43.089793715718365,0.0,0.0,0.0,0,0,0,0,0,1,0
0,0,143.67767759999197,0,0,0,13.047479912344778,4.825420014609205,-6.059897735573411,-1.087655222790358,0.5659037415794178,-2.00146092037984,2.4780050320590856,-1.7137001866731598,-1.1829802775748726,18.699780861943022,39.9744338933528,-5.825420014609199,-96.34769905040172,-60.719503287070864,-26.33308984660336,-546.7849888133054,0.0916289262235171,8.741469594605288,-1.2738825037365986,-21.068978337660194,16.58842608313899,-13.277928918256288,-5.75842812033844,-0.7020951912576212,-0.558068825568542,-11.698504115606648,0.9959475833687994,1,0,0,6,0,0,0,0,0,0.0,0.0,0.0,0.0,0.0,0.0,0.0,0.0,0.0,0.0,0.0,0.0,0.0,48.53093654769288,0.0,0.0,0.0,0.0,0.0,0.0,0.0,0.0,0.0,0.0,50.72244002433779,11.126902983393991,0.0,0.0,0,1,0,0,0,1,0
1,0,31.97692841402596,0,0,0,3.152249134948096,-4.408304498269894,1.7301038062283731,0.6920415224913493,-4.531334102268361,-12.996539792387544,20.335640138408305,-22.491349480968857,2.7681660899653973,-12.941176470588236,9.795847750865049,-42.871972318339104,30.346020761245683,-57.66435986159169,20.934256055363324,-57.64591489856848,-0.6347,-4.098461542856086,-13.960489535538484,-0.5688089485264475,1.1540099908751231,5.0170938001811285,1.6395686224006862,-0.4387543252595156,-14.164809628812169,-9.192572132809016,2.811426476451257,0,0,0,0,1,0,0,0,0,0.0,0.0,0.0,0.0,0.0,0.0,0.0,0.0,0.0,0.0,0.0,0.0,0.0,0.0,5.563451491696996,0.0,0.0,0.0,0.0,0.0,5.687386274683562,5.563451491696996,5.687386274683562,0.0,12.13273413692322,12.13273413692322,0.0,-0.9305555555555556,0,0,0,0,0,0,0
0,0,41.88526368015495,0,0,0,13.0625,0.25390625,1.98046875,0.0,2.333333333333333,-6.666666666666667,0.0,3.0,0.0,-0.9375,7.0625,-1.625,-55.625,42.1875,0.0,230.1528063000788,-0.4697109375000003,0.7786786402342489,0.6296999541146662,0.4093171409238225,-1.2983040863999302,1.02460799330073,0.0,-1.7784090909090908,-3.004044548654775,-17.20912013586138,2.83961144177357,0,0,0,2,1,0,4,0,0,0.0,0.0,0.0,0.0,0.0,0.0,0.0,0.0,0.0,0.0,0.0,0.0,0.0,0.0,0.0,11.844020792380803,11.465039998602755,0.0,0.0,0.0,5.817862777835028,0.0,16.98174071621902,0.0,6.3273200747645415,12.393687143226153,0.0,0.3639814814814817,0,0,0,0,1,0,0
0,0,54.90540106483952,0,0,0,-63.81818181818181,2.8367768595041314,2.882231404958678,2.789256198347108,4.2506887052341575,-8.170798898071624,-10.363636363636362,2.1157024793388435,3.173553719008265,14.214876033057854,50.76859504132233,-2.6528925619834576,-147.35537190082644,24.586776859504127,60.74380165289256,-31.110054345288944,0.094557851239666,19.45867494184525,-11.762085377715511,-15.778139240967496,11.82994050908828,-5.828399965064241,2.4390839678415066,-0.6942148760330579,-10.193904426494766,5.8007269264570684,0.994949992901832,0,0,0,2,0,0,4,1,0,0.0,0.0,0.0,0.0,0.0,0.0,0.0,0.0,0.0,0.0,0.0,0.0,0.0,0.0,0.0,6.3273200747645415,16.981740716219015,0.0,0.0,0.0,5.817862777835028,0.0,5.647177220767728,11.33456349545129,6.3273200747645415,12.393687143226153,18.99525369620486,0.7899074074074075,0,0,0,0,1,0,0
0,0,41.88526368015496,0,0,0,7.564444444444448,-0.1733333333333336,1.5022222222222223,0.0,-1.8066666666666669,-8.602222222222224,-2.302222222222221,3.0422222222222226,0.0,0.5377777777777846,-13.759999999999996,13.448888888888892,-53.14666666666668,33.07555555555555,0.0,172.36905106211756,-0.3989888888888899,0.0533109058804242,3.315409962964062,-0.7188337872051191,-0.8679226954578743,0.9369204251033671,0.0,-1.5844444444444443,1.5192279281824714,-11.50770402949078,2.839611479257765,0,0,0,2,0,1,3,0,0,0.0,0.0,0.0,0.0,0.0,0.0,0.0,0.0,0.0,0.0,0.0,0.0,0.0,0.0,6.3273200747645415,0.0,11.16387793838399,0.0,5.559266895052007,0.0,0.0,11.075967612668268,5.647177220767728,0.0,18.721007217990696,0.0,0.0,0.0,0,0,0,0,1,0,0
0,0,49.79034374184387,0,0,0,-24.55555555555556,3.7654320987654337,2.506172839506172,1.8148148148148144,4.784722222222221,-6.534722222222221,-5.4930555555555545,3.055555555555556,2.520833333333334,9.777777777777766,15.222222222222214,22.66666666666665,-95.11111111111111,34.22222222222224,40.33333333333334,73.2036843402504,-0.1170138888888896,7.962689160841979,-1.06228051790033,-7.944007166755521,6.285587182681156,-2.6263106812613803,1.4711122769884786,-1.8622222222222224,-2.2190630845244788,-9.70838068918404,0.9975778891850426,0,0,0,2,0,0,4,0,1,0.0,0.0,0.0,0.0,0.0,0.0,0.0,0.0,0.0,0.0,0.0,4.9839785209472085,0.0,0.0,7.109797541277533,6.3273200747645415,11.16387793838399,5.879988336435371,0.0,5.879988336435371,0.0,0.0,17.043866274819358,0.0,13.437117616042077,12.393687143226153,0.0,0.4519444444444445,0,0,0,0,1,0,0
0,0,41.885263680154935,0,0,0,15.25951557093426,1.0795847750865055,2.339100346020761,0.0,0.8523644752018439,-7.158016147635524,0.8719723183391022,2.712802768166091,0.0,8.456747404844286,32.259515570934255,-12.564013840830452,-71.48096885813149,48.17993079584775,0.0,291.4962915499926,0.0162089965397906,0.2009766440072782,6.146658805444224,6.990801413033692,-3.656975689000415,2.2058794967907134,0.0,-2.187958477508651,-2.205763134943204,-19.800285397260925,0.9959576442467806,1,0,0,2,0,0,4,0,0,0.0,0.0,0.0,0.0,0.0,0.0,0.0,0.0,0.0,0.0,0.0,0.0,0.0,0.0,5.693927994848461,11.844020792380803,5.647177220767728,0.0,0.0,0.0,0.0,0.0,5.647177220767728,11.210628712464722,6.3273200747645415,12.393687143226153,6.923737199690624,0.0,0,0,0,0,1,0,0
0,0,50.04269683250488,0,0,0,14.611199999999991,-0.3920000000000012,1.6224,0.0,-19.42666666666665,-59.656666666666666,4.282499999999994,-31.18499999999999,0.0,-1.6799999999999935,91.68799999999996,68.79039999999999,-163.59039999999993,-71.4816,0.0,-97.89990524618725,-0.29988,10.619707600557916,-21.089461607307697,16.024111533329307,2.2940604698615816,2.780386723071905,0.0,-1.1008727272727274,2.733045313965929,-18.02528419465622,0.9872569003884824,2,0,0,0,0,0,0,0,0,0.0,0.0,0.0,-1.0615972222222227,0.0,0.0,0.0,0.0,0.0,0.0,0.0,0.0,0.0,13.847474399381248,0.0,5.41499046939678,0.0,11.814359458703011,0.0,0.0,4.794537184071822,0.0,12.84164324585202,0.0,0.0,13.847474399381248,0.0,-0.988425925925926,0,0,0,0,0,0,0
0,0,61.90888804491196,0,0,0,95.85848074921958,2.9906347554630583,2.809573361082207,0.0,-21.35176031911205,-127.70226326742969,44.02969996531392,-55.107093305584456,0.0,-0.7096774193548265,128.73777315296564,39.768990634755504,-569.4859521331942,-138.88033298647233,0.0,-211.31932988732245,-0.2197096774193574,18.20415593913664,-19.045122988706613,17.261545638734475,11.35989819866758,5.908801485328361,0.0,-0.6119442574116017,0.086439806761881,-9.063568906783884,0.9871887527804406,4,0,2,0,0,0,0,0,0,0.0,0.0,-0.3229629629629635,-1.1449305555555562,0.0,0.0,0.0,0.0,0.0,0.0,0.0,0.0,0.0,27.694948798762496,0.0,5.41499046939678,0.0,11.814359458703011,0.0,0.0,4.794537184071822,11.835812092322788,0.0,0.0,0.0,27.694948798762496,0.0,-1.3206481481481482,0,0,0,0,0,0,0
0,0,36.26785580595381,0,0,0,-51.19113573407201,-8.149584487534627,0.0,0.0,-33.67716989843028,10.985803324099727,-37.24549861495845,0.0,0.0,-3.263157894736852,101.02770083102492,-86.34349030470916,86.40443213296399,0.0,0.0,0.0,-0.4306842105263167,13.773176056152284,-42.31786118312513,-3.032103195318506,2.507805071569317,0.0,0.0,-0.7555401662049861,-20.504396982526213,-1.3293606523616426,0.9929394601602552,2,0,0,0,0,0,0,0,0,0.0,0.0,0.0,-1.1449305555555558,0.0,0.0,0.0,0.0,0.0,0.0,0.0,0.0,0.0,0.0,0.0,5.41499046939678,0.0,11.814359458703011,0.0,0.0,4.794537184071822,0.0,0.0,0.0,13.847474399381248,0.0,10.633577208012662,-1.127314814814815,0,0,0,0,0,0,0
0,0,145.12352449764475,0,0,0,-74.70339761248852,2.7438016528925617,5.704315886134068,5.522497704315885,-24.69334761759004,-49.66989337822672,-28.820541271298858,-24.140100499948996,-6.850748648097134,1.2690541781451126,-7.044077134986191,24.703397612488537,-174.46464646464642,-37.68962350780538,51.52249770431585,72.01020157551318,-0.3097777777777788,10.697686846709946,-9.402257547259891,-12.478796095808384,-7.663774577052699,8.009790134326387,3.830406408899579,0.578667286224789,1.657854550965804,-2.2619127352872943,2.7343719689756614,0,0,0,0,0,0,0,0,0,0.0,0.0,0.0,-1.559097222222222,0.0,0.0,0.0,0.0,0.0,0.0,0.0,0.0,0.0,60.6636706846161,0.0,0.0,5.41499046939678,0.0,11.814359458703011,0.0,4.794537184071822,0.0,11.126902983393991,0.0,0.0,60.6636706846161,0.0,-1.2895370370370371,0,0,0,0,0,0,0
0,0,73.57791122998321,0,0,0,-104.87304890738812,3.797086368366286,4.027055150884496,3.5119667013527573,-10.829864724245578,-30.826959764134585,-62.053048040235865,2.2597554630593164,-20.054695629552555,-0.7096774193548407,78.73777315296567,100.41415192507804,-170.95109261186272,71.20915712799165,-4.922996878251823,291.34697252243006,-0.2197096774193574,7.270330562238634,-21.49747235726957,-24.040396134752317,18.16866036692654,-2.5505012219506256,7.26389347377061,-0.2446360438035777,3.207366859287365,-2.591761636409513,0.9871447154965208,2,0,0,0,0,0,0,0,0,0.0,0.0,0.0,-1.0442361111111111,0.0,0.0,0.0,0.0,0.0,0.0,0.0,0.0,0.0,26.689117645233267,0.0,5.41499046939678,0.0,11.814359458703011,0.0,0.0,4.794537184071822,0.0,12.84164324585202,12.84164324585202,0.0,0.0,13.847474399381248,-0.9167592592592588,0,0,0,0,0,0,0
0,0,105.58328415935492,0,0,0,-75.83555555555554,1.3333333333333308,4.666666666666669,3.77777777777778,-27.894591049382704,-21.54824845679013,-45.168464506172846,-4.61541666666667,-13.858209876543212,-0.0622222222222355,21.559999999999985,18.382222222222225,-98.39111111111112,38.05333333333332,9.737777777777772,306.0546118442567,-0.3067305555555568,10.466102573098413,-16.78287480361178,-18.316606586111508,2.277843472769937,3.944765064353605,3.359642926307088,0.2131024531024532,-0.3035942313439874,-3.449717014178056,1.9483584431945504,0,1,0,0,0,0,0,0,0,3.568304988662132,0.0,0.0,-1.4197222222222226,0.0,0.0,0.0,0.0,0.0,0.0,0.0,0.0,6.578935683598497,36.407855449141934,0.0,0.0,5.41499046939678,11.814359458703011,0.0,0.0,4.794537184071822,6.4208216229260096,5.563451491696996,0.0,6.076020106833881,30.33183534230805,0.0,-1.2456481481481476,0,0,0,0,0,0,0
1,0,37.18265123801201,0,0,0,-49.4320987654321,-3.067901234567902,1.867283950617284,0.0,-17.818930041152264,7.230452674897119,-44.10562414266119,9.389574759945136,0.0,-20.66666666666667,20.35802469135802,-46.48148148148149,5.407407407407409,59.320987654321,0.0,313.1825626279276,-1.0748666666666669,-4.059902989185103,-15.84144869115142,0.0643870949759961,9.217027212092724,3.6468281386655534,0.0,0.2890341321713871,-13.145902017671231,-8.310200218874726,2.828289117577801,0,0,0,0,1,0,0,0,0,0.0,0.0,0.0,0.0,0.0,0.0,0.0,0.0,0.0,0.0,0.0,0.0,0.0,0.0,0.0,11.3129633249809,0.0,0.0,0.0,5.749511833283905,5.687386274683562,11.3129633249809,5.687386274683562,0.0,18.19910120538483,0.0,0.0,-1.4569444444444442,0,0,0,0,0,0,0
0,0,93.43426873672723,0,0,0,-88.6875,-0.25,6.25,3.75,-14.47576904296875,-39.49603949652777,-2.363654242621529,-70.51816813151042,22.40211995442709,-1.0,97.5625,39.5625,-97.5,-251.1875,197.1875,-568.3386780096223,-0.2235625000000007,12.83260536767919,-27.05180173819391,11.637619552974623,-35.80217389537238,17.165681740121045,7.600518716560728,0.1829819277108433,-1.7878609166953712,-3.010553491371578,0.9872009117317966,3,2,1,0,0,0,0,0,0,0.0,0.0,0.2376417233560088,-1.2518055555555554,0.0,0.0,0.0,0.0,0.0,0.0,0.0,0.0,0.0,32.92325181273964,0.0,5.41499046939678,0.0,11.814359458703011,0.0,0.0,4.794537184071822,5.917906046161393,6.4208216229260096,0.0,0.0,19.075777413358388,13.847474399381248,-0.8722656840513987,0,0,0,0,0,0,0
0,0,61.70628405282797,0,0,0,-32.0,-0.1065088757396491,2.775147928994084,0.5798816568047339,-24.89466222879683,-30.43845537475346,-30.98141642011834,-4.148329635108482,-10.677329881656808,-2.0,69.0,40.0,-112.0,38.0,-24.0,338.0304963785144,-0.3015384615384615,9.178149249847175,-23.45617981888305,-2.0348257905164253,4.644899053152864,4.05662276720448,1.109633491798728,-0.5362318840579711,-0.3055311172515965,-8.697062633480673,0.9880064107819576,1,1,0,0,0,0,0,0,0,3.490752551020408,0.0,0.0,-1.1709722222222227,0.0,0.0,0.0,0.0,0.0,0.0,0.0,0.0,6.578935683598497,12.999757306524504,0.0,5.41499046939678,0.0,11.814359458703011,0.0,0.0,4.794537184071822,6.4208216229260096,6.4208216229260096,0.0,6.076020106833881,6.923737199690624,0.0,-1.0950925925925925,0,0,0,0,0,0,0
0,0,366.2966297718328,0,0,0,-33.22499999999997,1.587500000000002,-1.6200000000000003,-6.349999999999998,-0.7532552083333313,-34.53157552083333,-14.591796875,-25.953125000000004,-16.391927083333336,0.1999999999999895,56.68750000000001,128.565,-106.52750000000002,-49.06999999999999,-21.14999999999999,-49.62438190565437,-0.1445499999999971,2.0762009621431345,-21.891172267167843,8.223049071284,-1.408684277665848,0.6936340993221783,-0.90882897266343,0.09259009009009,3.13099027960466,-5.430117476909858,0.9871807703468348,2,0,0,0,0,0,0,0,0,0.0,0.0,0.0,-1.0554319019274376,0.0,0.0,0.0,0.0,0.0,0.0,0.0,0.0,0.0,45.95158251401129,0.0,5.41499046939678,0.0,11.814359458703011,0.0,0.0,4.794537184071822,0.0,12.84164324585202,25.68328649170404,6.4208216229260096,6.923737199690624,0.0,-0.8995527315864611,0,0,0,0,0,0,0
0,0,1273.3568799292325,0,0,0,-28.02079395085068,1.2722117202268448,0.4480151228733455,-0.2117202268431003,3.071735192186521,-30.31747203843731,-11.281840737240072,-21.18029300567108,-12.8680293005671,0.6086956521738962,41.17769376181477,140.74102079395095,-102.15689981096412,-42.8071833648393,-14.21550094517958,-45.10971364241794,-0.1107826086956545,-1.4471118712755044,-22.07157740369117,8.527185503592348,-1.2093300683416204,0.8718120415056466,-0.7590604995804936,0.181987368297651,2.9539442516818126,-4.449594551188688,0.9871807692135652,2,0,0,0,0,0,0,0,0,0.0,0.0,0.0,-1.058205821680524,0.0,0.0,0.0,0.0,0.0,0.0,0.0,0.0,0.0,58.79322575986332,0.0,5.41499046939678,0.0,11.814359458703011,0.0,0.0,4.794537184071822,0.0,12.84164324585202,19.26246486877803,25.68328649170404,0.0,6.923737199690624,-0.8893833611140605,0,0,0,0,0,0,0
0,0,674.5960559513621,0,0,0,-30.363439697133582,1.4424012979989231,0.4191454840454293,-2.2725797728501904,1.310731025779703,-32.26332927708672,-12.782652785289343,-23.280151433207145,-14.922863710113578,0.4186046511628065,48.9859383450514,135.1141157382369,-104.1611681990266,-45.59545700378582,-17.285018929150894,-46.98074516112676,-0.1264883720930236,0.318872893101969,-21.9873961441,8.38594032868402,-1.3014703268999903,0.789870787224008,-0.8275549955039958,0.1446727961060032,3.046555735044862,-4.894372677858365,0.9871807699924542,2,0,0,0,0,0,0,0,0,0.0,0.0,0.0,-1.0568786611866972,0.0,0.0,0.0,0.0,0.0,0.0,0.0,0.0,0.0,52.372404136937305,0.0,5.41499046939678,0.0,11.814359458703011,0.0,0.0,4.794537184071822,0.0,12.84164324585202,19.26246486877803,19.26246486877803,0.0,6.923737199690624,-0.8938737192407822,0,0,0,0,0,0,0
0,0,125.7659402769846,0,0,0,-53.26297577854672,1.7750865051903078,-2.0415224913494794,3.18339100346021,-6.159349769319489,-40.53959414648212,-18.773536620530564,-27.94488898500576,-29.160431084198382,-0.3529411764705896,71.62283737024222,111.62629757785469,-112.80622837370242,-109.13840830449828,-83.11418685121109,-508.9151608516031,-0.1902352941176495,5.555461035051634,-21.650573840757925,7.808836781347285,-1.685854034532587,-10.493183933685522,8.766632536572228,-0.0847192767049893,3.232775679807298,-6.905191116023344,0.9871807361953912,2,0,0,0,0,0,0,0,0,0.0,0.0,0.0,-1.0525000000000002,0.0,0.0,0.0,0.0,0.0,0.0,0.0,0.0,0.0,33.10993926815928,0.0,5.41499046939678,0.0,11.814359458703011,0.0,0.0,4.794537184071822,0.0,12.84164324585202,19.26246486877803,0.0,6.923737199690624,0.0,-0.9169387755102032,0,0,0,0,0,0,0
0,0,61.70628405282791,0,0,0,-41.52040816326531,1.75,3.0,0.75,-14.468377976190478,-44.60004783163266,-32.28374787414967,-9.353954081632654,-14.458306760204083,-1.142857142857138,85.48469387755102,86.50000000000001,-172.50510204081633,48.53061224489795,-35.21938775510204,408.1444420356029,-0.2555000000000008,8.961378773967382,-21.313802274940084,-3.722173666247061,7.397037078718483,4.833314860072055,1.4380317220809933,-0.6188435374149662,3.072362743016434,-9.328272021724636,0.9871774671270112,2,0,0,0,0,0,0,0,0,0.0,0.0,0.0,-1.052916666666667,0.0,0.0,0.0,0.0,0.0,0.0,0.0,0.0,0.0,20.268296022307258,0.0,5.41499046939678,0.0,11.814359458703011,0.0,0.0,4.794537184071822,0.0,12.84164324585202,6.4208216229260096,0.0,6.923737199690624,6.923737199690624,-0.9525925925925924,0,0,0,0,0,0,0
0,0,37.82751198051345,0,0,0,-1.434903047091412,-0.3601108033241002,1.0055401662049863,0.0,-39.18074792243769,-50.99876885195447,-0.9478301015697131,-18.40143120960296,0.0,-3.263157894736848,51.02770083102493,-0.5540166204986221,-132.66481994459832,-36.64819944598338,0.0,-41.22839284119568,-0.4306842105263168,2.839350679254296,-12.02824050967636,8.83569982361287,-1.098084085731034,1.2539025357846585,0.0,-0.283317943982764,1.8443649559126123,-7.514036329403851,0.9879925308339488,1,0,1,0,0,0,0,0,0,0.0,0.0,-0.7150925925925933,0.0,0.0,0.0,0.0,0.0,0.0,0.0,0.0,0.0,0.0,6.923737199690624,0.0,5.917906046161393,0.0,11.814359458703011,0.0,0.0,4.794537184071822,0.0,6.4208216229260096,0.0,0.0,6.923737199690624,10.633577208012662,-1.7405555555555563,0,0,0,0,0,0,0
0,0,102.4262684007972,0,0,0,-92.02448979591831,0.8914285714285688,8.451428571428574,7.618775510204083,-15.142851473922896,-71.23843537414966,11.234353741496587,-86.00353174603174,33.13093537414963,-0.6285714285714166,115.94857142857146,24.68081632653061,-234.0775510204082,-386.3771428571429,310.3575510204081,-1444.7150341027386,-0.1946000000000016,16.519063497422128,-26.68615265831796,22.94625803238163,-34.03895462914251,3.127224056712972,17.752933986312986,0.2490927460092947,-2.6052743192612096,-1.4679460235003667,0.987164903277871,4,2,2,0,0,0,0,0,0,0.0,0.0,-0.0051360544217693,-1.2934722222222224,0.0,0.0,0.0,0.0,0.0,0.0,0.0,0.0,0.0,39.84698901243026,0.0,5.41499046939678,0.0,11.814359458703011,0.0,0.0,4.794537184071822,11.835812092322788,0.0,0.0,0.0,25.99951461304901,13.847474399381248,-1.119673091458807,0,0,0,0,0,0,0
0,0,31.090420460551773,0,0,0,-26.578125,-3.703125,0.0,0.0,-48.95052083333332,-4.994357638888888,-20.436197916666664,0.0,0.0,-4.5,52.546875,-56.21875,31.828125,0.0,0.0,0.0,-0.5328750000000003,4.269801292708206,-17.643747333044864,-0.8655330554381946,1.1523156212034331,0.0,0.0,-0.5167824074074074,-6.003222828414223,-7.548517823402422,0.993952972670038,1,0,1,0,0,0,0,0,0,0.0,0.0,-0.7660185185185189,0.0,0.0,0.0,0.0,0.0,0.0,0.0,0.0,0.0,0.0,0.0,0.0,5.917906046161393,0.0,11.814359458703011,0.0,0.0,4.794537184071822,0.0,0.0,0.0,6.923737199690624,0.0,10.633577208012662,-1.8609259259259268,0,0,0,0,0,0,0
0,0,84.52070771248432,0,0,0,-88.08323424494648,-4.390011890606419,3.834720570749106,-0.5885850178359099,-16.848270907649617,-3.2364579204650608,-20.00979323556612,-53.92679845422119,8.745714427269125,-1.4482758620689775,103.65992865636146,-28.7752675386445,44.57907253269919,-110.50891795481569,67.43400713436385,333.47848789254874,-0.2585172413793126,14.604224231822792,-37.87072700963508,0.4185649278575423,-37.5650577155456,31.10031090095541,-2.3940973142663178,0.4547192852781439,-9.521880116951502,0.8776726461067593,0.9887112750336704,3,2,1,0,0,0,0,0,0,0.0,0.0,0.2361602418745274,-1.293472222222222,0.0,0.0,0.0,0.0,0.0,0.0,0.0,0.0,0.0,25.99951461304901,0.0,5.41499046939678,0.0,11.814359458703011,0.0,0.0,4.794537184071822,5.917906046161393,0.0,0.0,12.999757306524504,6.076020106833881,13.847474399381248,-0.9431916099773248,0,0,0,0,0,0,0
0,0,54.44142023977575,0,0,0,-53.30056710775047,-4.497164461247642,0.2948960302457469,0.6389413988657846,-30.30741965973536,2.8764965343415194,-44.50338689350976,5.145557655954629,-11.56687145557656,-2.695652173913032,72.31001890359165,-36.22306238185255,13.313799621928156,23.546313799621924,-24.28733459357278,100.45746924879022,-0.3557826086956537,10.934542380219597,-34.25260571563263,-14.83362098095533,11.892497886963731,-0.8776140182770875,1.0924983054205368,-0.3393194706994328,-10.3896216691105,-2.2438177105491324,0.9959570858935932,1,1,0,0,0,0,0,0,0,3.4429747732426303,0.0,0.0,-1.2126388888888893,0.0,0.0,0.0,0.0,0.0,0.0,0.0,0.0,6.578935683598497,6.076020106833881,0.0,5.41499046939678,0.0,11.814359458703011,0.0,0.0,4.794537184071822,6.4208216229260096,0.0,0.0,12.999757306524504,0.0,10.633577208012662,-1.1645370370370365,0,0,0,0,0,0,0
0,0,43.07835219446156,0,0,0,-30.87603305785125,-4.669421487603304,0.8925619834710742,0.0,-24.068698347107432,-22.135115358126725,-19.098269628099168,-16.9582902892562,0.0,-2.363636363636363,97.04958677685951,-4.479338842975206,8.173553719008247,-36.24793388429752,0.0,-45.82727344477964,-0.3563636363636379,12.231365647475492,-31.743223100821428,10.827077397020506,0.3533929435936137,1.330478304536291,0.0,-0.8960417572857764,-6.66183232057783,-13.61662088209646,0.9878183760738812,2,0,0,0,0,0,0,0,0,0.0,0.0,0.0,-1.1032638888888893,0.0,0.0,0.0,0.0,0.0,0.0,0.0,0.0,0.0,6.923737199690624,0.0,5.41499046939678,0.0,11.814359458703011,0.0,0.0,4.794537184071822,0.0,6.4208216229260096,0.0,6.923737199690624,6.923737199690624,10.633577208012662,-1.057870370370371,0,0,0,0,0,0,0
0,0,26.534691139697216,0,0,0,-24.703125,-3.27734375,0.0,0.0,-9.070855034722223,1.48828125,-15.3720703125,0.0,0.0,-5.625,55.765625,-62.578125,64.6875,0.0,0.0,0.0,-0.5007187500000002,8.235168625433236,-25.710195499268988,1.9805721240484924,0.9533637996247568,0.0,0.0,-0.7817887931034483,-19.19876553261664,-11.843914909821,0.9959532614989977,1,0,0,0,1,1,1,0,0,0.0,0.0,0.0,0.0,0.0,0.0,0.0,0.0,0.0,0.0,0.0,0.0,0.0,0.0,0.0,5.817862777835028,0.0,0.0,0.0,0.0,5.817862777835028,0.0,5.817862777835028,5.563451491696996,6.196843571613076,6.923737199690624,0.0,0.3842592592592593,0,0,0,0,0,0,0
0,0,114.2484979432654,0,0,0,-97.0526315789474,-0.7285318559556729,10.49584487534626,11.144044321329634,-20.080043859649123,-100.37715450907972,23.10051169590644,-100.62240304709142,41.90448984302864,-0.3157894736842133,158.96952908587264,-65.47368421052632,-365.9584487534627,-517.1163434903048,411.5069252077564,-2301.0773356462605,-0.1702105263157903,25.66572330359988,-36.88750714461815,34.32381201822307,-32.275044833979,-10.990183020980888,28.026474814044185,0.4367425554016619,-9.177933227334965,2.501498671064996,0.9871572694893004,5,2,1,0,0,0,0,0,0,0.0,0.0,0.2106046863189716,-1.9876620370370373,0.0,0.0,0.0,0.0,0.0,0.0,0.0,0.0,0.0,46.77072621212088,0.0,0.0,5.41499046939678,11.814359458703011,0.0,0.0,4.794537184071822,5.917906046161393,0.0,0.0,0.0,32.92325181273964,13.847474399381248,-0.9270804988662144,0,0,0,0,0,0,0
0,0,41.85719450647461,0,0,0,-4.0625,-0.74609375,0.35546875,1.3203125,-0.8888888888888893,1.6666666666666663,-0.6666666666666667,-2.0,2.0,-0.9375,7.0625,-31.625,-39.875,-17.8125,28.125,-120.47957802473267,-0.4697109375000003,0.7786786402342489,2.817399819065667,-1.3915152454111246,2.1171724152905127,-1.16145603985033,0.6830719955338199,-0.9034090909090908,-8.78832663680257,0.422008192634757,2.9588420870766523,0,0,0,2,1,0,4,0,0,0.0,0.0,0.0,0.0,0.0,0.0,0.0,0.0,0.0,0.0,0.0,0.0,0.0,0.0,12.393687143226153,17.66188357021583,5.647177220767728,0.0,0.0,0.0,5.817862777835028,0.0,16.98174071621902,0.0,12.524163646377618,6.196843571613076,0.0,0.3817592592592593,0,0,0,0,1,0,0
0,0,41.857194506474606,0,0,0,19.22666666666667,-2.04,0.7511111111111112,0.0,-7.334444444444444,2.4933333333333327,3.2044444444444444,-5.8788888888888895,0.0,0.537777777777785,-13.759999999999994,-37.81777777777778,-24.751111111111115,-11.928888888888888,0.0,1.3796758913833624,-0.3989888888888899,0.0533109058804313,-0.4797929391341924,-1.7317418429678,0.2180953022620305,0.4818800576957481,0.0,-0.5733333333333331,-10.888357913574897,6.102560021263106,2.960260135449713,0,0,0,2,0,1,3,0,0,0.0,0.0,0.0,0.0,0.0,0.0,0.0,0.0,0.0,0.0,0.0,0.0,0.0,0.0,12.393687143226153,11.844020792380803,5.647177220767728,0.0,5.559266895052007,0.0,0.0,5.559266895052007,11.16387793838399,0.0,18.721007217990696,0.0,0.0,0.0,0,0,0,0,1,0,0
0,0,50.64895363441995,0,0,0,-11.111111111111118,1.7654320987654335,0.4320987654320979,0.0864197530864194,2.8124999999999982,0.9652777777777782,1.6111111111111112,-4.881944444444445,-0.3055555555555553,9.777777777777768,15.222222222222214,-12.333333333333346,-16.33333333333332,-21.44444444444444,-19.55555555555555,182.1549329492388,-0.1170138888888896,7.962689160841977,-1.0164365480993267,6.252690119368258,-13.58721113009952,11.531328599376645,-4.587793717246019,-1.3288888888888888,-7.295470473812115,-9.149703174124822,0.9975778426512694,0,0,0,2,0,0,4,0,1,0.0,0.0,0.0,0.0,0.0,0.0,0.0,0.0,0.0,0.0,0.0,0.0,0.0,0.0,19.50348468450369,11.844020792380803,5.647177220767728,5.879988336435371,0.0,5.879988336435371,0.0,0.0,17.04386627481936,0.0,12.524163646377618,13.30664111289061,0.0,0.4697222222222224,0,0,0,0,1,0,0
0,0,41.85719450647461,0,0,0,-4.9375,-0.74609375,2.99609375,0.0,-1.222222222222222,-3.0,-2.0,3.0,0.0,-0.9375,7.0625,-31.625,-36.875,53.4375,0.0,361.43873407419824,-0.4697109375000003,0.7786786402342498,2.817399819065667,-4.238142850277444,-2.062106030310676,3.4843681195509952,0.0,-0.6875,-8.788326636802571,-1.847344827386906,2.957285011827277,0,0,0,2,1,0,4,0,0,0.0,0.0,0.0,0.0,0.0,0.0,0.0,0.0,0.0,0.0,0.0,0.0,0.0,0.0,12.393687143226153,17.66188357021583,5.647177220767728,0.0,0.0,0.0,5.817862777835028,0.0,16.98174071621902,0.0,12.524163646377618,6.196843571613076,0.0,0.3714814814814817,0,0,0,0,1,0,0
0,0,135.472219815023,0,0,0,-145.4537037037037,10.901234567901229,2.1851851851851865,3.7037037037037046,9.634666495198903,-3.938786008230453,-29.538258744855977,-17.82548868312757,-5.5257844650205765,21.132716049382694,151.7808641975309,117.98456790123458,-139.79629629629625,-79.92592592592591,61.45370370370373,-445.2971156434103,0.2489679012345658,22.085872429410507,-8.34619020357136,4.710062081279482,-12.286076008379746,-9.86784917733078,16.182041443543145,-0.9438271604938272,4.471842992540442,-5.924464395234918,0.987732253417549,3,0,0,2,0,0,1,0,0,0.0,0.0,0.0,0.0,0.0,0.0,0.0,0.0,0.0,0.0,0.0,0.0,0.0,13.344558822616634,0.0,5.824404497999927,11.16387793838399,0.0,5.559266895052007,0.0,0.0,11.24901029325548,11.16387793838399,29.77790379755588,11.614771630468544,7.04767198267719,11.49083684748198,0.7747685185185187,1,0,0,1,0,0,0
0,0,130.1033955811799,0,0,0,-96.45454545454544,8.342516069788799,-4.856749311294768,-1.465564738292013,12.588868482807875,-10.532981328435874,-24.30387205387205,-8.118916437098253,-14.739363330272418,20.03305785123966,108.65289256198346,130.77685950413223,-168.62809917355372,-31.21487603305784,-67.80165289256198,-100.7176761084542,0.1965041322314043,31.639256815732608,-26.211077279901552,2.3488385212057725,-7.867064843928898,-2.047560551352346,7.867835038397898,-0.948984797469646,1.0960576315592576,-1.862937790311125,0.9877921482851266,2,0,0,2,0,0,1,0,0,0.0,0.0,0.0,0.0,0.0,0.0,0.0,0.0,0.0,0.0,0.0,0.0,0.0,13.344558822616634,6.3273200747645415,0.0,11.16387793838399,0.0,5.559266895052007,0.0,0.0,11.24901029325548,11.16387793838399,23.95349929955595,11.614771630468544,13.37499205744173,4.567099647791355,0.0,1,0,0,1,0,0,0
0,0,55.21569814361085,0,0,0,-72.4876033057851,-0.1632231404958687,-0.7128099173553712,4.276859504132233,3.725436179981633,-3.4683195592286498,-5.438016528925619,-1.9504132231404951,0.7933884297520675,14.214876033057855,50.76859504132233,-32.652892561983464,-20.578512396694222,-72.1900826446281,67.68595041322314,-806.5474030614401,0.094557851239666,19.45867494184525,-9.574385512764511,-1.5019787997754923,13.393282898719244,-22.292260271207248,10.896614306623526,-0.1128195271958485,-14.151571118385355,1.9963086400651904,0.9949498806035868,0,0,0,2,0,0,4,1,0,0.0,0.0,0.0,0.0,0.0,0.0,0.0,0.0,0.0,0.0,0.0,0.0,0.0,0.0,12.393687143226153,17.66188357021583,5.647177220767728,0.0,0.0,0.0,5.817862777835028,0.0,11.16387793838399,5.817862777835028,6.3273200747645415,12.393687143226153,18.99525369620486,0.7974074074074076,0,0,0,0,1,0,0
0,0,67.97404726527841,0,0,0,-61.73662551440331,6.4993141289437615,9.30452674897119,8.325102880658434,4.770271300106689,-11.287037037037036,-26.14117512574303,2.900434385002292,0.7127343392775531,17.19067215363509,117.26886145404656,79.15363511659802,-204.03703703703704,36.36625514403295,133.89300411522638,-85.66088750091546,0.0587272976680356,33.85393256807242,-17.991748437321593,-7.196544776848767,7.076863145960866,-10.43732677325801,8.620742401330437,-2.150303742896335,0.0579815452527676,-9.819022338606356,0.9878676950761784,2,0,0,2,0,0,1,0,0,0.0,0.0,0.0,0.0,0.0,0.0,0.0,0.0,0.0,0.0,0.0,0.0,0.0,0.0,6.3273200747645415,0.0,11.16387793838399,0.0,5.559266895052007,0.0,0.0,11.24901029325548,17.708634344296563,4.567099647791355,11.614771630468544,17.942091705233086,6.923737199690624,0.0,1,0,0,1,0,0,0
0,0,41.85719450647461,0,0,0,-11.911111111111111,-2.0400000000000005,0.7511111111111112,0.0,-8.517777777777779,-0.4255555555555553,-7.527777777777778,1.5211111111111113,0.0,0.5377777777777846,-13.759999999999994,-41.88444444444444,18.72444444444444,16.537777777777777,0.0,86.18452553105878,-0.3989888888888899,0.0533109058804321,1.7609317526924648,1.3041046356181494,-0.1593358234015145,0.4684602125516811,0.0,0.3011111111111113,-9.109843379445644,-4.800732426173782,2.95961750550365,0,0,0,2,0,1,3,0,0,0.0,0.0,0.0,0.0,0.0,0.0,0.0,0.0,0.0,0.0,0.0,0.0,0.0,0.0,12.393687143226153,11.844020792380803,5.647177220767728,0.0,5.559266895052008,0.0,0.0,5.559266895052008,11.16387793838399,0.0,18.721007217990696,0.0,0.0,0.0,0,0,0,0,1,0,0
0,0,104.86270227140102,0,0,0,-164.9351851851852,8.567901234567897,1.4814814814814818,8.148148148148149,5.1102323388203015,-4.549961419753088,-29.008037551440324,-25.576903292181065,2.470164609053498,21.132716049382694,176.78086419753086,41.31790123456787,-166.9166666666667,1.7037037037037268,-67.01851851851853,867.1681074378143,0.2489679012345658,27.5527851178595,-25.46088023396837,-7.881148190190143,-34.18260717463457,34.53510092818144,-28.679174970538163,-0.6714365881032548,-4.021061590463473,3.633543244240824,0.9884194518609066,4,0,1,2,0,0,1,0,0,0.0,0.0,0.4055928760393045,0.0,0.0,0.0,0.0,0.0,0.0,0.0,0.0,0.0,0.0,13.847474399381248,0.0,5.824404497999927,11.16387793838399,0.0,5.559266895052007,0.0,0.0,11.24901029325548,17.081783984545382,16.936260551703857,11.614771630468544,7.04767198267719,11.49083684748198,1.166703987150416,1,0,0,1,0,0,0
0,0,98.89507240551382,0,0,0,-114.52892561983472,5.887970615243345,-8.426997245179065,6.019283746556472,7.755509641873279,-14.568181818181822,-16.323921028466483,-25.835399449035812,-1.8037190082644636,20.03305785123965,133.65289256198346,51.231404958677686,-224.45454545454547,-100.40495867768594,-130.34710743801654,219.68977194238465,0.1965041322314043,37.1061695041816,-43.19179022848935,-15.46547554388316,-14.962474059114992,28.679845775687408,-32.55643569301316,-0.6366391184573003,-8.276648020572607,8.49114005219653,0.9885590117251012,3,0,1,2,0,0,1,0,0,0.0,0.0,0.4114262093726378,0.0,0.0,0.0,0.0,0.0,0.0,0.0,0.0,0.0,0.0,13.847474399381248,6.3273200747645415,0.0,11.16387793838399,0.0,5.559266895052007,0.0,0.0,11.24901029325548,23.626540390457954,4.567099647791355,11.614771630468544,13.37499205744173,4.567099647791355,0.4114262093726378,1,0,0,1,0,0,0
0,0,50.64895363441995,0,0,0,-42.22222222222222,1.765432098765433,0.6049382716049374,3.1111111111111107,2.479166666666665,-1.3819444444444444,-3.618055555555556,0.319444444444445,2.062500000000001,9.777777777777766,15.222222222222218,-12.333333333333346,-3.3333333333333286,-22.555555555555543,55.000000000000014,-358.3398606331605,-0.1170138888888896,7.962689160841977,-1.0164365480993276,0.7484955107592559,5.2531388150966425,-11.36465732857716,6.378959754509102,-0.902222222222222,-7.295470473812115,-10.96974828069366,0.9975778427798456,0,0,0,2,0,0,4,0,1,0.0,0.0,0.0,0.0,0.0,0.0,0.0,0.0,0.0,0.0,0.0,4.9839785209472085,0.0,0.0,19.50348468450369,11.844020792380803,5.647177220767728,5.879988336435371,0.0,5.879988336435371,0.0,0.0,17.043866274819358,0.0,19.633961187655157,6.196843571613076,0.0,0.4594444444444447,0,0,0,0,1,0,0
0,0,41.8571945064746,0,0,0,-6.916955017301035,0.0795847750865058,3.553633217993079,0.0,-0.7424067666282214,-4.580161476355247,-1.2456747404844282,1.840830449826992,0.0,8.456747404844286,32.259515570934255,-37.564013840830455,-56.28027681660899,57.97923875432527,0.0,472.0463268546822,0.0162089965397906,0.2009766440072791,0.6797461169952297,7.06440962663879,-14.526319483168765,7.599183971634609,0.0,-1.1408996539792386,-10.246027900629729,-0.1987948719707508,0.9959545648142132,1,0,0,2,0,0,4,0,0,0.0,0.0,0.0,0.0,0.0,0.0,0.0,0.0,0.0,0.0,0.0,0.0,0.0,0.0,11.890771566461538,11.844020792380803,5.647177220767728,0.0,0.0,0.0,0.0,0.0,5.647177220767728,11.210628712464722,6.3273200747645415,12.393687143226153,6.923737199690624,0.0,0,0,0,0,1,0,0
0,0,51.98004644255801,0,0,0,38.942148760330575,0.6694214876033048,1.0578512396694215,0.0,-0.5036730945821858,-2.7268135904499538,2.1037649219467407,0.3861340679522498,0.0,10.330578512396697,-5.785123966942138,-21.07438016528925,-88.84297520661158,14.876033057851238,0.0,133.9601137820168,0.050619834710741,-1.2650707047650684,-4.608471853072709,-19.42787153746336,20.602580049030934,3.253038955110147,0.0,-0.9794231742283688,-3.514385701071429,-13.21375271999485,1.8952952399350207,0,0,0,2,0,0,0,0,0,0.0,0.0,0.0,0.0,0.0,0.0,0.0,0.0,0.0,0.0,0.0,0.0,0.0,36.39820241076966,0.0,0.0,0.0,0.0,0.0,0.0,0.0,0.0,0.0,0.0,34.7409946581756,0.0,0.0,0.0,0,1,0,0,0,1,0
0,0,33.76321907923969,0,0,0,-2.639889196675898,-1.9002770083102505,1.4681440443213305,0.8310249307479227,-18.65743305632503,-5.27546937519237,-3.970914127423823,-1.1025700215450889,1.828485687903972,-0.5789473684210416,9.171745152354593,-87.97506925207759,-35.87534626038782,10.2770083102493,23.34349030470914,83.75711336714578,-0.0802052631578954,-10.68907155843064,3.975807856053596,-4.172382410066185,-3.2808667411342807,0.8812173769213142,2.6182125208952804,0.0162511542012928,-7.409843829054106,1.760301097833722,0.9959583885167272,1,0,0,0,0,0,0,0,0,0.0,0.0,0.0,0.0,0.0,0.0,0.0,0.0,0.0,0.0,0.0,0.0,0.0,18.19910120538483,0.0,0.0,0.0,5.907179729351506,0.0,0.0,5.687386274683562,5.907179729351506,0.0,5.687386274683562,6.923737199690624,0.0,30.33183534230805,-0.0359259259259256,0,0,0,0,0,0,0
0,0,58.76506263175461,0,0,0,-49.03231763619575,-0.903047091412741,-2.808864265927979,6.085872576177284,-64.36925036763449,10.81466590859866,-31.70272192013497,58.80822304298758,-59.220732447590734,36.0,151.0,-84.0,-218.0,-90.0,-95.0,-208.589818881182,-0.6234263157894736,-18.917766203548645,3.114131494881976,5.303639297753688,1.3880555654425693,-9.330055962792748,4.125738032436297,1.115567867036011,-3.385682132303635,-1.9149990468785152,0.6410364134012708,1,0,0,0,1,0,2,0,0,0.0,0.0,0.0,0.0,0.0,0.0,0.0,0.0,0.0,0.0,0.0,0.0,10.197363616602075,11.336785877934735,0.0,0.0,0.0,15.378393889864384,10.023291153407584,0.0,5.131558479839333,15.378393889864384,11.336785877934735,0.0,6.923737199690624,0.0,0.0,-0.3498894557823122,1,0,0,0,0,0,0
0,0,39.74357732297205,0,0,0,2.0,-3.222500000000001,-0.4674999999999995,1.5125000000000002,-28.369930555555555,-0.6268055555555565,-11.524375000000004,28.183125000000004,-16.696875000000002,-7.0,25.0,-117.0,-2.0,63.0,-54.0,175.91239260564782,-0.4007200000000017,-11.138432251339896,1.1459584211207343,-3.778568340054809,-2.0779059207178245,-0.1405084704329076,1.926264065571862,0.0,-10.015313473510227,-0.3382214361854614,0.9959582875611463,1,0,0,0,0,0,0,0,0,0.0,0.0,0.0,0.0,0.0,0.0,0.0,0.0,0.0,0.0,0.0,0.0,0.0,0.0,0.0,5.749511833283905,0.0,5.907179729351506,0.0,5.749511833283905,5.687386274683562,11.65669156263541,5.687386274683562,0.0,19.056471336613843,12.13273413692322,0.0,0.0785109599395317,0,0,0,0,0,0,0
0,0,35.99074049285596,0,0,0,28.44444444444445,-0.4400000000000004,0.0,0.0,1.0211111111111106,-3.89888888888889,3.737777777777776,0.0,0.0,-3.888888888888897,8.99999999999999,-9.66666666666667,-30.555555555555543,0.0,0.0,0.0,-0.6723888888888893,8.96748185614967,-10.278169716832652,1.093382448889771,0.874207546753773,0.0,0.0,-1.9682539682539684,-10.06095598279253,-17.103962742060343,2.9666454106739537,0,0,0,2,1,1,3,0,0,0.0,0.0,0.0,0.0,0.0,0.0,0.0,0.0,0.0,0.0,0.0,0.0,0.0,0.0,6.3273200747645415,11.844020792380803,11.465039998602755,0.0,0.0,0.0,5.817862777835028,0.0,16.981740716219015,0.0,12.654640149529085,0.0,0.0,0.4328703703703704,1,0,0,1,0,0,0
0,0,106.3121852498972,0,0,0,-3.59375,0.119140625,-10.4072265625,-3.9189453125,18.666666666666664,-0.395833333333333,0.5798611111111112,5.234375000000002,-3.446180555555556,-10.34375,-28.59375,23.1875,-35.5,-44.265625,-65.703125,-414.3191246888771,-1.5922554687500008,9.826838436939038,-19.456188081300937,-1.634244928434442,1.2125746786867502,-8.503310187276284,-7.733007751963838,-0.5286787974683544,-3.081955491523672,-2.0209554636650484,1.9860224912244808,2,0,4,2,1,0,3,0,1,0.0,0.0,-4.096797996976569,0.0,0.0,0.0,0.0,0.0,0.0,0.0,0.0,0.0,0.0,0.0,12.93420203927746,30.155919955625706,17.692941169337626,0.0,0.0,0.0,5.817862777835028,5.817862777835028,11.16387793838399,0.0,17.22173979732044,0.0,0.0,0.2180494404551947,1,1,1,1,0,0,0
1,0,86.84285469021034,0,0,1,-18.17598071444225,-1.1612426035502952,-0.7943786982248524,-1.727810650887575,-19.760288065843618,-10.535846288675504,-13.45007430269776,19.63261126352691,1.969612101813749,-4.153846153846148,22.349112426035514,-39.27218934911243,-215.0710059171598,-101.36686390532545,66.10650887573964,-413.3843481304426,-0.2724769230769237,-5.076257980275146,-2.549405397308507,-7.547539719189579,-2.5124843713422464,-2.427535124886684,0.6159753579887285,-0.0787493608006428,-4.36474120675961,5.385803676700403,0.774009389142372,1,1,0,0,0,0,0,0,1,3.5165393498997397,0.0,0.0,0.0,0.0,0.0,0.0,0.0,0.0,0.0,0.0,0.0,0.0,30.3222627491265,11.443454936667337,12.356393797796825,0.0,0.0,0.0,5.749511833283905,0.0,6.4208216229260096,22.942478603235145,0.0,0.0,24.27512131221871,0.0,-0.3504333322835298,0,0,0,0,0,0,0
0,0,73.5779112299832,0,0,0,-81.50342935528121,0.111111111111109,2.962962962962964,2.469135802469136,-30.538580246913572,-1.345507544581619,-58.24468449931413,10.804526748971192,-16.84705075445816,-2.296296296296319,44.80246913580244,10.049382716049369,-66.17832647462275,57.020576131687264,-10.474622770919062,193.4300206704412,-0.3030740740740755,7.36339407550936,-26.193551307461785,-23.624796498233906,16.88228781483967,-3.4565096481291664,5.112055933952314,0.0378943758573387,-3.4547849766064034,0.1509597691235806,1.948107996064564,0,2,0,0,0,0,0,0,0,6.981505102040816,0.0,0.0,-1.2803472222222223,0.0,0.0,0.0,0.0,0.0,0.0,0.0,0.0,13.157871367196996,12.152040213667762,0.0,5.41499046939678,0.0,11.814359458703011,0.0,0.0,4.794537184071822,12.84164324585202,0.0,0.0,12.152040213667762,0.0,0.0,-1.201759259259258,0,0,0,0,0,0,0
0,0,35.99074049285594,0,0,0,18.0,-1.8163265306122451,0.0,0.0,-7.7431972789115635,-4.943877551020407,2.948979591836735,0.0,0.0,-2.0,-14.0,-20.0,-20.0,0.0,0.0,0.0,-0.396672959183674,3.4718423651549983,-20.16743915596199,2.368819719279997,0.6414366847999984,0.0,0.0,-0.6666666666666666,-10.08169659308126,-10.015026824588404,2.9662287684706468,0,0,0,2,0,2,2,0,0,0.0,0.0,0.0,0.0,0.0,0.0,0.0,0.0,0.0,0.0,0.0,5.098681808301038,0.0,0.0,12.524163646377618,5.386224214464796,5.647177220767728,0.0,5.559266895052007,0.0,0.0,5.559266895052007,11.033401435232523,0.0,12.524163646377618,0.0,0.0,0.0,1,0,0,1,0,0,0
0,0,99.49816710478636,0,0,0,-2.916955017301042,6.384083044982699,2.8711072664359865,3.1228373702422147,2.549019607843137,-45.42714340638218,-1.9257977700884272,1.506728181468668,3.0607458669742424,20.653979238754324,106.82698961937716,-9.2941176470588,-308.4948096885814,29.65397923875432,24.775086505190306,42.93249208913711,0.5616782871972292,5.700283867783528,7.065546375245132,26.021964953684886,-12.532789554033712,-4.926244760682282,-4.879494130899637,-1.1545022933934177,-4.001199611050653,-7.034244822886067,0.9939311074832105,1,0,0,0,0,0,0,1,0,0.0,0.0,0.0,0.0,0.0,0.0,0.0,0.0,0.0,0.0,0.0,0.0,0.0,18.19910120538483,11.381314269532025,5.687386274683562,0.0,0.0,5.559266895052007,5.687386274683562,5.687386274683562,5.559266895052007,0.0,17.068700544215584,0.0,4.681802935145185,67.9803011560259,0.0,1,0,0,0,0,0,0
0,1,212.8010660833341,0,0,0,-27.58677685950413,2.1720041322314074,-10.789256198347111,-13.858987603305792,-1.7043158861340697,-2.2603305785123977,-0.0335169880624422,1.2102846648301195,-1.370064279155189,18.60743801652892,-0.2169421487603511,-30.19834710743805,-49.59710743801653,-18.867768595041323,-63.01446280991736,-453.0239653479195,0.2274247933884276,31.980100148855804,1.7972795645139588,-18.491153715965133,-28.41196716586758,-26.0033468308415,6.792194113215711,-0.1075364029909484,-1.4383583008857033,0.2244832932826008,0.9949356677377468,1,1,0,0,0,0,0,1,0,0.0,0.0,0.0,0.0,0.0,0.0,0.0,0.0,0.0,0.0,0.0,0.0,0.0,54.60695665452676,0.0,0.0,0.0,0.0,0.0,0.0,0.0,0.0,0.0,25.807221274690605,27.82691049685725,0.0,0.0,0.0,0,0,0,0,0,1,0
0,0,93.4342687367275,0,0,0,-92.61591695501733,-1.0484429065743988,5.204152249134952,2.9896193771626325,-11.63229286812764,-40.30635452710496,-5.882953671664745,-72.50705257593233,18.783971309111887,-0.3529411764705896,96.62283737024222,33.97923875432527,-62.80622837370244,-270.044982698962,173.3771626297578,-677.0784986471439,-0.1902352941176495,11.022373723500628,-31.466416417281536,18.74266215824527,-33.44650470847393,15.310830662814894,5.954720819946197,0.2237600922722029,-3.161020874231669,-2.8492814344883537,0.9871919612117882,3,0,1,0,0,0,0,0,0,0.0,0.0,0.4181972789115644,-1.0712499999999996,0.0,0.0,0.0,0.0,0.0,0.0,0.0,0.0,0.0,20.771211599071872,0.0,5.41499046939678,0.0,11.814359458703011,0.0,0.0,4.794537184071822,0.0,18.75954929201341,6.4208216229260096,0.0,6.923737199690624,13.847474399381248,-0.5180990173847311,0,0,0,0,0,0,0
1,1,630.6873241160866,0,0,0,-19.83594735893276,-3.0665224445646326,-4.784207679826935,-8.997295835586804,-2.9065244272475885,5.029137649758394,-31.27512925460764,-12.561406371367458,18.2148631577815,11.899945916711763,106.19091400757164,-312.7912385073013,-91.49594375338025,-3.827474310438068,-112.0540832882639,292.66773387166666,-0.6805352082206604,-0.6998006304951321,-19.65590021705,-25.38203197712256,39.30791793689193,1.3211204440517408,-7.946460956865992,-0.3663052671361832,-12.09020148981563,-0.3188778774888406,0.6593574978942347,3,0,4,0,1,0,0,1,0,0.0,0.0,-2.8749135114458007,-0.6178732809698717,0.0,0.0,0.0,0.0,0.0,1.384119373057865,0.0,0.0,11.761884949391115,30.33183534230805,0.0,23.499395300412623,0.0,11.814359458703011,0.0,0.0,0.0,11.281052542320246,5.563451491696996,0.0,16.66179468024159,38.112942673227685,6.06636706846161,-1.8568691887784596,0,1,1,0,0,0,1
0,0,66.97907463619867,0,0,0,-11.805555555555555,-2.375,1.25,2.625,-0.1797839506172845,1.087191358024692,-0.2746913580246911,-0.8734567901234565,0.6743827160493835,8.680555555555566,-26.041666666666657,-27.95138888888889,15.451388888888882,-13.19444444444445,26.736111111111104,-118.81724598181188,0.0425347222222215,-5.694700717134318,-6.112312103057535,3.378855758833032,-4.403901887917264,-2.885315030014774,5.846559402924592,-0.4449786324786323,-4.576453732792281,-9.260048522874005,2.750883572132955,0,0,0,4,0,0,0,0,0,0.0,0.0,0.0,0.0,0.0,0.0,0.0,0.0,0.0,0.0,0.0,0.0,0.0,48.53093654769288,0.0,0.0,0.0,0.0,0.0,0.0,0.0,0.0,0.0,0.0,21.544896857859182,0.0,0.0,0.0,0,0,0,0,0,1,0
0,0,68.76591338831575,0,0,0,-27.97633136094674,1.349112426035502,3.1242603550295867,3.4556213017751487,-4.196581196581193,-21.85207100591716,-5.930966469428009,0.1656804733727805,3.940828402366864,14.254437869822468,59.29585798816566,-52.76923076923077,-58.136094674556205,14.27218934911244,56.48520710059172,-18.60955750921616,0.423777071005916,-12.495815982677035,9.202459061820765,11.8545919223532,-11.059756092173457,-4.905643550968479,3.187760969087149,-0.8818644243745458,-2.501491667568558,-11.29359860540326,0.9952619606554036,1,0,0,0,0,0,0,0,0,0.0,0.0,0.0,0.0,0.0,0.0,0.0,0.0,0.0,0.0,0.0,0.0,0.0,18.19910120538483,5.687386274683562,0.0,0.0,0.0,5.559266895052007,5.687386274683562,0.0,5.559266895052007,0.0,11.381314269532025,0.0,10.748170003606797,48.98504745982105,0.0,1,0,0,0,0,0,0
0,0,67.98506536214555,0,0,0,-19.21046373365042,1.0237812128418575,4.887039239001187,0.5350772889417359,-25.078676179151813,-60.215302549874494,-20.95451843043996,-13.331202933016256,-10.022971991015986,-1.448275862068967,89.34958382877525,24.24732461355529,-234.7812128418547,44.77051129607612,-23.68608799048751,538.6639253077631,-0.2585172413793126,12.874700257850892,-23.009228620905404,10.919670044139638,-2.6250136086256406,9.107662172646975,1.123318258901107,-0.2108600871977805,-1.6725207793212742,-6.770812776678515,0.98894453419603,2,1,1,0,0,0,0,0,0,3.5251969954648525,0.0,-0.2050000000000003,-1.2126388888888893,0.0,0.0,0.0,0.0,0.0,0.0,0.0,0.0,6.578935683598497,19.92349450621513,0.0,5.41499046939678,0.0,11.814359458703011,0.0,0.0,4.794537184071822,12.338727669087405,0.0,0.0,6.076020106833881,13.847474399381248,0.0,-1.3047222222222217,0,0,0,0,0,0,0
0,0,47.505788441424656,0,0,0,-28.72,-2.280000000000002,2.520000000000001,0.3600000000000001,30.055555555555557,7.590277777777775,-12.02777777777778,-7.78472222222222,2.506944444444445,-25.99999999999999,-12.679999999999986,52.12000000000001,-24.760000000000005,15.119999999999989,12.959999999999996,168.64219005161053,-1.811150000000001,-7.871676796355656,-7.199976618811302,-7.048569119280855,4.007586086927079,3.427547367293255,0.4838048264966362,-1.264390243902439,-4.25104834494319,-2.7152510447784604,1.986015130457204,1,0,2,0,0,0,0,0,1,0.0,0.0,-2.77675925925926,0.0,0.0,0.0,0.0,0.0,0.0,0.0,0.0,0.0,0.0,0.0,6.606881964512918,6.103966387748303,11.86313125940448,5.759164871656176,0.0,0.0,0.0,0.0,0.0,0.0,0.0,0.0,0.0,-2.7786574074074064,0,1,1,0,0,0,0
1,0,53.71773879695634,0,0,0,-8.947845804988662,0.5963718820861672,5.807256235827665,2.299319727891157,-29.765810027714792,-33.401990425799944,28.609158478206083,-31.211892164273102,10.041194255479974,-3.904761904761912,50.63718820861676,-53.18140589569162,-78.26757369614512,-39.893424036281175,72.50340136054422,125.0625232230519,-0.3759190476190485,-3.0156398855356024,1.194176741208364,-9.310445842042206,-9.901886675924484,8.418562305939055,5.979936229794299,-0.5943104514533086,0.1408917171838017,-7.267381450372351,0.9959588138339286,1,0,0,0,0,0,0,0,1,0.0,0.0,0.0,0.0,0.0,0.0,0.0,0.0,0.0,0.0,0.0,0.0,0.0,12.13273413692322,0.0,11.3129633249809,0.0,0.0,0.0,5.749511833283905,0.0,11.3129633249809,0.0,0.0,19.056471336613843,12.13273413692322,0.0,-1.575879629629629,0,0,0,0,0,0,0
0,0,67.10925228359511,0,0,1,-100.88901486520538,5.5,-3.75,0.75,-5.450580540858317,-17.252016107082973,-1.3374734438814402,-10.576182281897667,2.8873784853447537,3.5000000000000084,141.67346938775512,76.64285714285714,-218.07142857142856,-515.3724489795918,28.28061224489793,-1006.7511353851728,-0.1176000000000032,15.287603821022484,-16.216678805716843,20.54849634208058,-26.320272233346213,18.244901518623667,-3.6989234953872576,-0.4546639760027001,7.061720863623071,9.92891844534,0.7740050007554051,4,0,1,0,0,0,3,0,0,0.0,0.0,0.2666140715545475,0.0,0.0,0.0,0.0,0.0,0.0,0.0,0.0,14.951935562841626,0.0,0.0,0.0,0.0,0.0,17.180264882017248,0.0,0.0,11.896678561972989,11.32542714919222,11.896678561972989,6.544756405912575,0.0,0.0,20.771211599071872,0.9922222222222228,0,0,0,0,0,0,0
0,1,227.14396599455216,2,0,0,-48.53719008264464,-4.168388429752063,-3.700413223140496,-7.322830578512396,-6.409722222222226,-12.19444444444444,-15.812499999999984,-25.944444444444443,-8.020833333333334,16.77685950413222,-22.595041322314035,-79.6776859504132,151.23966942148758,-114.19008264462808,-48.66115702479341,-356.5077187757669,0.0199389462809908,-1.8053899123105352,2.4900862408181714,24.47760977165789,-0.4494109946047939,-2.194887500824468,-7.133292648506131,0.3115066751430388,-3.0226106504705585,-9.75621407514156,0.9969652110575768,1,0,4,0,0,0,0,1,1,0.0,0.0,0.5316435710086493,0.0,0.0,0.0,0.0,0.0,0.0,0.0,0.0,0.0,0.0,30.33183534230805,6.606881964512918,12.021872433909696,0.0,0.0,0.0,0.0,0.0,18.68015364021307,12.08368165829592,18.40509473754901,12.84164324585202,0.0,30.33183534230805,-0.8600349584278157,0,1,1,0,0,0,1
0,0,99.20263400404518,0,0,0,-65.91255752794213,1.7396449704142016,-9.775147928994084,7.144970414201183,11.6512974732348,-13.932183992013051,-32.25525158075017,-1.4858807964221088,-5.603834384461173,10.349112426035491,67.44970414201185,74.89349112426034,-104.1360946745562,-64.71005917159762,49.24260355029587,-661.5693273420413,0.1947029585798812,26.518222712163265,-13.393294284296235,-12.619481266080552,2.5047885054180754,-7.276036075466102,12.044855482200925,0.2179417236700377,-6.240933275471593,-6.4112098410389065,0.6606597124422867,0,0,0,2,0,1,4,0,0,0.0,0.0,0.0,0.0,0.0,0.0,0.0,0.0,0.0,1.146388888888889,0.0,0.0,0.0,0.0,6.3273200747645415,16.869980771050045,10.673137199436969,6.3273200747645415,0.0,0.0,5.817862777835028,5.817862777835028,21.215797895722478,11.761884949391115,18.981960224293623,11.614771630468544,0.0,-0.19557634164777,2,0,0,1,0,0,0
0,0,72.81453767091224,0,0,1,72.82908093278465,-0.8933333333333353,-6.648888888888888,-3.893333333333332,-12.682056258361698,-3.4541594269166267,18.402142288607763,-6.400934139443511,-9.920363765686124,21.533333333333346,76.37333333333335,106.44888888888892,130.17333333333335,-156.04888888888888,-19.96,-520.2408182235827,0.366133333333331,-13.490151982842102,11.099226642207258,2.9458832167862363,3.404206715361882,-12.381973639340252,3.957104370700233,-0.8669028022731726,8.981097628960171,-15.59988480097575,0.6562048661584112,5,0,0,0,0,0,2,1,0,0.0,0.0,0.0,0.0,0.0,0.0,0.0,0.0,0.0,1.3728395061728391,0.0,0.0,10.197363616602075,23.36282483962363,5.752853606746789,5.025959978669241,5.153109816892792,5.907179729351506,0.0,0.0,0.0,5.907179729351506,15.931923402308822,13.08951281182515,11.761884949391115,17.032643867773697,13.847474399381248,0.504258314436886,0,0,0,0,0,0,0
2,0,565.3969706807062,0,0,0,-85.87478737997257,-7.888888888888892,-0.7777777777777792,-20.111111111111125,-37.19471726870903,-80.30426383173298,-28.99545877152874,62.87352842554489,-30.22170934308792,90.7560493827161,179.48197530864203,-175.398024691358,-0.8666666666666796,-167.95160493827163,-87.35012345679019,-483.93939645797263,-1.1486412839506166,-13.163377217681662,-15.706939453827117,3.3262680085314797,-16.47544489017663,44.29364489917963,-35.01967925956067,-0.4870703507740547,-7.076754649068836,-0.0218150817721462,0.6450094509874599,3,0,2,0,1,0,1,1,1,0.0,0.0,-2.3123389733980013,-1.7694021203714114,0.0,0.0,3.549312917296548,0.0,0.0,0.0,0.0,8.417796984328938,11.336785877934735,5.15571272675054,6.041840829147961,11.735768823996422,10.843243482610037,5.601050810983688,11.814359458703011,0.0,5.131558479839333,15.130702465984028,0.0,11.336785877934735,26.151274369537788,0.0,0.0,-3.3756116569867918,1,0,0,0,0,0,0
1,1,60.61575588500092,0,0,1,-24.978011542114107,-3.3017751479289963,0.4970414201183444,0.9526627218934915,-16.56593290638875,17.546778570520264,-23.30548363153619,-10.906962335262431,-2.2115603318515635,-13.230769230769214,11.07100591715978,-82.79881656804733,77.50887573964496,-83.49704142011836,26.047337278106525,13.8579673575195,-0.5595615384615394,-0.042777541270173,-2.4172453124521245,-8.9954653435628,0.5015758450894494,2.7128170008170187,1.1981830392666182,-0.0094893710278325,-3.169729912323,-7.95153824627893,0.7740073191781868,1,0,1,0,1,0,0,0,0,0.0,0.0,-0.1344753086419754,0.0,0.0,0.0,0.0,0.0,0.0,0.0,0.0,0.0,0.0,23.733674027155736,6.4208216229260096,0.0,0.0,0.0,0.0,0.0,0.0,12.338727669087405,11.5673897196539,5.563451491696996,0.0,12.13273413692322,12.13273413692322,-0.9720679012345684,0,0,0,0,0,0,0
0,1,2218.2550035900745,0,1,0,24.551775147928986,-3.9837278106508816,-0.5029585798816583,-3.6346153846153846,-3.779667981591056,-19.37126068376068,25.61074128862592,-12.602317554240622,-31.269764957264965,21.11686390532544,-6.4127218934911285,-41.70118343195267,-55.78846153846153,49.26035502958581,-114.71153846153844,415.0985404790666,0.0541763313609477,-12.418722659345187,-5.949359851722096,-19.808909309455743,-7.636874470584415,-2.0173734191866908,6.41320285261431,-0.4498163640073455,-0.6407913874666771,-3.846542960077181,1.857036325756388,3,0,1,2,0,1,0,1,0,0.0,0.0,0.2090251424723197,0.0,0.0,0.0,0.0,0.0,0.0,0.0,0.0,0.0,0.0,12.13273413692322,11.033401435232523,5.817220841045895,5.783244946364939,0.0,0.0,0.0,4.39041504767482,23.332050014762267,11.984273114623004,49.93013552174827,12.13273413692322,12.13273413692322,28.832567921637796,-0.2694822526016138,1,0,0,1,0,0,0
0,0,27.609117229316844,0,0,0,2.0,-2.90625,0.6328125,0.0,-4.074652777777776,-7.651041666666666,-3.194444444444444,1.836805555555556,0.0,-6.0,-5.0,-24.0,-4.0,18.0,0.0,120.48937893318156,-0.2774625000000005,-1.9372930521635252,-11.408698035460564,0.5345597528704373,3.838337890210651,1.85563779185288,0.0,-0.8333333333333334,-8.704225829715371,-13.695873581401626,2.734396683353169,0,0,0,0,1,0,0,0,0,0.0,0.0,0.0,0.0,0.0,0.0,0.0,0.0,0.0,0.0,0.0,0.0,0.0,18.19910120538483,0.0,0.0,0.0,5.907179729351506,0.0,0.0,0.0,5.907179729351506,5.563451491696996,0.0,0.0,24.26546827384644,6.06636706846161,-0.3790740740740739,0,0,0,0,0,0,0
0,0,105.38434778544494,0,0,0,-12.0,-1.4400000000000015,-2.4399999999999977,1.1200000000000012,0.5022222222222215,0.2488888888888893,0.2666666666666669,-0.4844444444444442,-0.4799999999999994,12.0,-24.0,-17.0,1.0,-24.0,-8.0,-216.12231690165373,0.0587999999999968,-5.248236180911224,-3.7175006281454106,0.2186765075380274,-2.1867650753795376,-5.248236180910967,-1.7494120603035823,-0.4722222222222222,-2.126203349148216,-9.005096537568908,2.7514256563335366,0,0,0,6,0,0,0,0,0,0.0,0.0,0.0,0.0,0.0,0.0,0.0,0.0,0.0,0.0,0.0,0.0,0.0,60.6636706846161,0.0,0.0,0.0,0.0,0.0,0.0,0.0,0.0,0.0,0.0,32.31734528678877,0.0,0.0,0.0,0,0,0,0,0,1,0
1,0,27.609117229316844,0,0,0,-6.044444444444444,-2.880000000000001,0.3600000000000001,0.0,1.5792592592592571,-15.166913580246916,-7.190123456790122,1.3353086419753084,0.0,-6.533333333333332,-11.368888888888891,-2.213333333333333,-10.142222222222223,10.671111111111111,0.0,67.56798349067012,-0.2925133333333337,-4.011694106163985,-9.468565648812174,2.714161415660345,3.421941315488878,1.1848739036327476,0.0,-0.8985858585858586,-7.676028161989479,-8.675232749086298,2.7343987916041104,0,0,0,0,0,0,0,0,0,0.0,0.0,0.0,0.0,0.0,0.0,0.0,0.0,0.0,0.0,0.0,0.0,0.0,18.19910120538483,5.563451491696996,0.0,0.0,0.0,0.0,0.0,0.0,0.0,5.563451491696996,0.0,0.0,30.33183534230805,0.0,-0.8790740740740739,0,0,0,0,0,0,0
0,0,220.6527349658578,0,1,0,71.39889196675898,0.7516158818097795,1.5241612803939724,3.270236995998773,48.59999016791491,-69.93896198830409,19.522883109332785,36.32669453849047,-14.2234875688246,-0.0166204986149427,125.35180055401662,25.9224376731302,-233.42105263157896,115.18005540166205,-16.711911357340725,620.7483940992365,-0.717648661126497,9.596897486600804,-29.41984839564924,-48.09194144614648,34.08600308336597,18.918126484779275,4.69805192021967,-0.8861309712809172,-2.423111917758709,-10.85340365242283,0.9934518416231884,4,3,4,0,0,0,0,0,0,0.0,0.0,-2.6911447047955,-5.872027536323172,0.0,0.0,0.0,0.0,0.0,0.0,0.0,0.0,0.0,25.4965990362844,6.103966387748303,12.207932775496603,17.235249711475557,0.0,0.0,0.0,4.39041504767482,18.121972615452343,24.835569398847294,0.0,12.152040213667762,26.847231705905752,0.0,-2.119133574566701,0,1,0,0,0,1,0
0,1,303.70240045126224,0,0,0,102.26377410468324,7.817665289256201,-16.298553719008265,0.7370867768595024,-28.40189741126189,-41.99675220924169,138.2884649312995,-44.0530398683808,-69.27291521415049,196.8946280991736,325.2995867768595,128.85950413223142,25.47314049586781,-678.020661157025,-207.82851239669424,-1632.8435829955558,-0.2543361570247949,31.240132374976834,-5.661913363714385,-35.839483516947645,21.841854272968245,-26.074820060488623,-9.454452236425675,0.2430854779339628,3.823858301601419,-0.8227351306242896,0.6409874371792844,5,0,1,0,1,0,0,1,1,0.0,0.0,-0.256648242630386,0.0,0.0,0.0,0.0,0.0,0.0,0.0,0.0,4.305215991296234,11.336785877934735,6.923737199690624,0.0,8.418358355044159,0.0,10.023291153407584,10.023291153407584,0.0,0.0,21.004955590104696,43.01745376889581,0.0,10.371583059757844,7.109797541277533,6.923737199690624,0.0,1,0,0,1,0,0,1
1,0,288.2334861818221,0,0,0,-46.56021947873799,4.719999999999995,-12.16,-12.639999999999995,-5.220203771444053,2.9006630086877023,98.76098240444378,-82.74173991092144,-41.13763569239105,93.87111111111112,24.075555555555542,120.18222222222226,172.57333333333332,-390.78222222222206,-164.6844444444444,-1195.151756840855,-0.6256577283950604,-6.789456752260286,-7.78389785972717,8.411693388835252,-10.255513482617866,-12.914077974895866,-10.243639142864016,0.4252235939643344,3.676004238054756,4.584040499778407,0.642097349678342,2,0,0,0,1,0,0,0,1,0.0,0.0,0.0,0.0,0.0,0.0,0.0,0.0,0.0,0.0,0.0,0.0,0.0,31.54366002800146,11.250837766380558,10.64499530880168,5.749511833283905,10.023291153407584,0.0,11.49902366656781,5.687386274683562,21.89583307518224,12.29426823919648,18.90801031431363,6.06636706846161,30.33183534230805,6.923737199690624,-0.8624794238683116,0,0,0,0,0,0,0
0,0,46.788375280704784,0,0,0,-19.45238095238095,-4.816326530612244,8.081632653061227,-5.877551020408159,-63.501334561602434,-24.715622900394724,-32.73414535567313,5.746562333781243,-28.670661165700857,205.0153061224489,-85.19387755102048,-251.1581632653061,-85.3520408163265,195.1479591836735,269.204081632653,44.33892344074809,0.1248811224489801,-10.563968504388155,10.286945101350788,4.993177474921647,-11.70189341229592,5.125331882926182,10.20400747549926,-1.067885487528344,-1.2429032370438888,-9.879695676253126,0.6165471753047593,2,0,0,0,0,0,0,0,2,0.0,0.0,0.0,0.0,0.0,0.0,0.0,0.0,0.0,0.0,0.0,16.835593968657875,0.0,0.0,25.72530229604865,0.0,0.0,0.0,20.236253718067108,0.0,0.0,13.213763929025836,12.84164324585202,12.511538367022808,0.0,0.0,0.0,0.0,0,0,0,0,0,0,0
0,0,80.2715465868931,0,0,0,-158.8125,1.25,3.75,5.0,-21.0654296875,-3.894795735677084,-89.43113199869792,13.01458740234376,-27.28176540798612,-1.0,83.8125,-6.5,-116.9375,75.4375,-2.75,88.07645370959204,-0.2235625000000007,11.094383244753136,-34.084892742406694,-45.478145921245854,30.67991983925608,-10.591674754069862,11.170073947166491,0.484375,-6.294466560284468,8.022709450677851,0.9889181626695764,2,1,1,0,0,0,0,0,0,3.550087396069539,0.0,0.1709741118669687,-1.1906481481481483,0.0,0.0,0.0,0.0,0.0,0.0,0.0,0.0,6.578935683598497,19.92349450621513,0.0,5.41499046939678,0.0,11.814359458703011,0.0,0.0,4.794537184071822,12.338727669087405,6.4208216229260096,0.0,6.076020106833881,0.0,13.847474399381248,-0.8941184807256226,0,0,0,0,0,0,0
0,0,97.20896630095288,0,0,0,-39.48870392390013,-0.9250891795481576,-3.557669441141498,-2.1284185493460166,5.460397674725856,-17.14585810543004,11.360879904875151,-18.472255251684505,-1.6363456202933009,-0.3448275862069039,12.424494649227109,37.479191438763394,-22.22354340071343,-95.1486325802616,-50.79667063020215,-328.9917713895539,-0.1508413793103474,-6.740471953171291,-10.933865662043711,6.920446110278222,-4.615008436985783,-2.1328953635365906,-9.970304842727064,-0.4325260237394914,-0.3375061958585123,-0.3916772607674892,0.9879407340002252,2,0,0,0,1,0,0,0,1,0.0,0.0,0.0,0.0,0.0,0.0,0.0,0.0,0.0,0.0,0.0,0.0,0.0,13.344558822616634,12.170333456209914,0.0,0.0,0.0,0.0,0.0,5.687386274683562,5.969305287951849,17.857719730893475,12.84164324585202,0.0,24.26546827384644,0.0,-0.2792129629629627,0,0,0,0,0,0,0
0,0,83.5881631570087,0,0,0,-69.28303850156084,1.7970863683662852,4.245577523413113,2.013527575442248,-9.788198057578914,-43.529244710371145,-18.285097988206733,-42.872420221990986,3.766974505723207,-0.7096774193548159,78.73777315296567,100.41415192507804,-117.08012486992712,-112.73673257023928,75.76586888657647,-135.55461767120178,-0.2197096774193574,7.270330562238639,-21.49747235726957,7.539934732677197,-12.8030485545741,9.982820576124077,3.57857473533294,-0.2592289777513504,3.2073668592873643,-7.951938146867197,0.9871811412627162,2,0,0,0,0,0,0,0,0,0.0,0.0,0.0,-1.0516666666666667,0.0,0.0,0.0,0.0,0.0,0.0,0.0,0.0,0.0,26.689117645233267,0.0,5.41499046939678,0.0,11.814359458703011,0.0,0.0,4.794537184071822,0.0,12.84164324585202,12.84164324585202,0.0,6.923737199690624,6.923737199690624,-0.9311111111111106,0,0,0,0,0,0,0
0,0,97.20896630095288,0,0,0,-20.44897959183673,-0.75,-3.5,-1.75,4.391723356009069,-19.758503401360542,24.467687074829936,-13.97789115646258,-3.921768707482992,-0.8571428571428479,9.265306122448967,48.81632653061224,-28.73469387755102,-68.77551020408163,-44.32653061224487,-300.90607932911985,-0.1697357142857162,-5.45360780828518,-7.57406107177102,8.591614776045947,-5.828347343592545,-2.3659146494745253,-8.981884233421583,-0.5598767809010395,1.4291734340306863,0.2859854326456646,0.9879409188487998,2,0,0,0,0,0,0,0,1,0.0,0.0,0.0,0.0,0.0,0.0,0.0,0.0,0.0,0.0,0.0,0.0,0.0,13.344558822616634,12.170333456209914,5.749511833283905,0.0,0.0,0.0,5.749511833283905,0.0,11.718817121235755,12.170333456209914,12.84164324585202,12.13273413692322,12.13273413692322,6.923737199690624,-0.1865201929537239,0,0,0,0,0,0,0
0,0,57.286650373743015,0,0,0,23.4375,3.111111111111109,10.66666666666667,0.0,-1.3753858024691392,-17.667824074074083,-10.311921296296289,5.587962962962973,0.0,15.3125,114.6875,13.625,-221.125,185.25,0.0,1122.3544126497347,-0.0342000000000008,42.3440084284619,-30.6508375631943,3.9495018118256286,-12.23786349547605,9.315947755422709,0.0,-2.5339912280701755,-12.030402064125637,-8.14441049022982,0.9960168583171912,0,0,0,2,0,0,1,0,0,0.0,0.0,0.0,0.0,0.0,0.0,0.0,0.0,0.0,0.0,0.0,0.0,0.0,0.0,6.3273200747645415,0.0,11.16387793838399,0.0,5.559266895052007,0.0,0.0,11.24901029325548,11.16387793838399,4.567099647791355,17.942091705233086,18.662443613145733,0.0,0.0,1,0,0,1,0,0,0
0,0,38.89706760651268,2,0,0,0.0,-6.637860082304522,0.0,0.0,-1.731481481481481,-5.333333333333334,0.0,0.0,0.0,8.345679012345684,93.92592592592592,-120.44444444444449,242.77777777777783,0.0,0.0,0.0,0.0304308641975282,17.009919559309395,-31.42152545735441,60.77736162068469,0.0,0.0,0.0,-0.5004748338081673,-14.691223079229868,-26.339184670556467,0.9923146387906768,3,0,1,0,0,0,0,0,0,0.0,0.0,0.6805555555555554,0.3072916666666666,0.0,0.0,0.0,0.0,0.0,0.0,0.0,0.0,0.0,20.771211599071872,0.0,5.783244946364939,0.0,0.0,0.0,0.0,0.0,10.82998093879356,11.701150992526332,12.84164324585202,6.4208216229260096,0.0,0.0,1.1932870370370372,0,2,0,0,0,0,0
0,0,96.73886634540013,0,0,0,-76.9911111111111,2.226666666666663,9.062222222222225,4.742222222222225,-6.765432098765434,1.432098765432095,-28.234567901234573,-3.0493827160493816,5.617283950617286,4.435555555555524,6.10666666666665,5.577777777777754,-64.4977777777778,49.515555555555615,72.90222222222225,459.0583475276717,-0.178709111111113,1.8249758178052544,-0.6027394055807065,-28.39357526090212,-9.036266914384488,10.274257736908154,5.280056946092587,-0.4927245053272451,2.5870004046336232,-4.58451975995135,2.751397976127981,0,2,0,0,1,0,0,1,0,0.0,0.0,0.0,0.0,0.0,0.0,0.0,0.0,0.0,0.0,0.0,0.0,0.0,48.55024262443742,11.374772549367124,0.0,0.0,0.0,0.0,0.0,16.169309733438947,0.0,0.0,22.50167553276112,0.0,4.899909730850478,60.68297676136064,0.0,0,0,0,0,0,1,1
0,0,110.26066892864245,0,0,0,-76.92924037460978,1.235171696149847,-6.462018730489073,-0.7304890738813752,-9.249653139091228,4.387075095386743,-14.510369695918609,-5.565773499826571,-22.894763845531287,12.972944849115514,122.00104058272632,-123.22684703433924,-80.86888657648282,-23.13735691987514,-153.6940686784599,11.611000824149606,0.0191227887617024,16.405375451091338,-9.09137231944112,-13.7775862993735,-25.73628189455947,-0.3340354952736118,5.108481758720879,-0.2300659035726674,-9.148700176584445,7.508412311204911,0.9924408149930628,2,0,0,0,0,0,0,0,2,0.0,0.0,0.0,-0.2316592261904762,0.0,0.0,0.0,0.0,0.0,0.0,0.0,0.0,0.0,12.13273413692322,0.0,5.601050810983688,11.49902366656781,0.0,0.0,11.49902366656781,4.794537184071822,5.601050810983688,11.49902366656781,11.984273114623004,7.04767198267719,6.06636706846161,25.980208536304467,1.151412037037037,0,1,1,1,0,0,1
3,0,757.3812811381742,0,0,0,21.80235087232173,-3.882965431070384,-4.443981674302373,-9.99750104123282,9.601915125670656,-33.280072774889746,-22.419826215528623,-20.493862296745352,66.15552119058759,18.010828821324438,-83.9820907955019,48.20574760516448,73.22782174094128,0.0399833402748754,-68.81674302374012,-215.0523981038664,-0.2192312369845896,-4.698467126900367,-3.847869534621794,-28.145305508798018,5.498016282136215,-10.938255800333597,-0.0403346611815025,-0.5296522836941602,-4.328624760273375,-3.3821182825005383,0.6545826663833378,3,0,3,0,0,0,3,1,0,0.0,0.0,-2.8646147550264294,0.0,0.0,0.0,0.0,0.0,0.0,2.635237120659164,0.0,0.0,16.860566757692155,42.09372029169917,0.0,17.112752955172535,6.103966387748303,5.156436481820707,11.814359458703011,0.0,0.0,5.697039313055833,27.798699717080545,0.0,33.105482564777894,37.37950732498524,0.0,-1.7521410152780166,1,0,0,0,0,0,1
3,0,742.5203276843752,0,0,0,15.01808785529716,-1.694970254191451,-0.9513250405624658,-3.937804218496483,-23.12606469518614,-3.999056324517544,-31.382875554279504,-18.10484868920359,57.80893854313419,13.934559221200663,48.58247701460253,-225.5581395348837,-83.68902109248239,171.50784207679828,3.071389940508375,320.93095391913124,0.0934340724716062,-11.24510835452386,20.9039333799776,-8.248908365771378,1.1936647015865942,-14.516315118515172,-12.83410195955912,-0.3297854453434046,-6.283535540460144,-0.7580267206870706,0.650531507379435,5,0,2,0,0,0,5,1,0,0.0,0.0,-1.2339896063899505,0.0,0.0,0.0,0.0,0.0,0.0,2.8126575416855277,0.0,0.0,27.05793037429423,23.09867082732585,0.0,34.992453132702416,4.339655680673546,5.907179729351506,5.907179729351506,0.0,0.0,12.241795718968408,17.078811743562845,9.347279377526313,50.769588517477175,0.0,6.923737199690624,-1.1889873213750717,2,0,0,0,0,0,1
2,1,1130.9604216158052,0,0,0,-45.33694021513616,-7.984487216317156,-0.1330077563918394,-13.500718184429765,6.048242388919826,-29.030027497892757,-0.2240411548248015,-28.33960161058525,-3.014263842241377,21.561907497845507,45.35995403619652,-169.27779373743175,258.876472278081,-255.4852054007469,-40.94714162596952,-440.8210286948337,-0.5626656133294993,-24.369923012940948,-22.56427694860752,-14.819951725793864,-14.743988391632849,54.53239756608068,-49.1106734672913,-0.1383733920648601,-8.83664149214788,4.343071762589594,0.6502039653061913,5,0,2,0,1,0,1,1,1,0.0,0.0,-1.7514346209162688,-1.7532185463189922,0.0,0.0,3.707247019717917,0.0,0.0,1.2941379257166592,0.0,0.0,23.09867082732585,11.22207979521215,11.666344601007683,17.10964163696516,29.781687031748763,5.601050810983688,11.814359458703011,0.0,5.131558479839333,28.7789671964269,11.325958136816055,16.236695608785215,30.98942211923828,29.093520927940727,6.06636706846161,-4.00686621179451,1,0,0,0,0,0,1
1,1,440.4647298832664,0,0,0,-14.426717144402383,-1.2525689561925388,-2.406706327744728,-8.37641968631693,5.82896716498964,-10.51522511334122,-20.25988522324379,-21.3503248706712,41.969929803007744,11.899945916711768,-7.739318550567821,24.470524607896177,45.55868036776638,-54.30773391022174,-35.448350459707925,212.4533337141324,-0.680535208220663,-14.611952776414896,-4.377378089230541,-14.159761384683248,18.0800993612618,8.71015109182197,-3.528627760550292,-0.2154354548109352,-5.105538170274059,-3.0891014648963147,0.6549457076888527,3,3,3,0,1,0,0,1,0,0.0,0.0,-1.90182699777442,0.0,0.0,0.0,0.0,0.0,0.0,1.445928786638112,0.0,0.0,11.761884949391115,18.228060320501644,0.0,23.154593784320497,0.0,5.907179729351506,5.907179729351506,0.0,0.0,11.070912126024574,17.746779759742065,11.993926152995275,16.66179468024159,6.923737199690624,18.228060320501644,-1.405680208556742,0,0,0,0,0,0,1
0,0,14.730337758386336,0,0,3,0.0,-6.0,0.0,0.0,-20.052404835390945,0.0,0.0,0.0,0.0,-33.64000000000001,225.56000000000003,-62.400000000000006,0.0,0.0,0.0,0.0,-1.144216,-4.347643692942962,-0.3370101881495371,0.0,0.0,0.0,0.0,2.4488888888888902,-8.63029544788117,-45.23112470158288,0.7685350300557248,2,0,1,0,0,0,0,0,0,0.0,0.0,-1.9050925925925928,-1.9722222222222212,0.0,0.0,0.0,0.0,0.0,0.0,0.0,0.0,0.0,34.802819670697545,0.0,0.0,6.290026729335213,3.792535935529771,0.0,0.0,0.0,0.0,0.0,0.0,0.0,0.0,0.0,0.0,0,0,0,0,0,0,0
0,0,112.71675924432618,0,0,2,11.868923611111118,-6.921875,-0.109375,0.03125,-10.553252648224351,-2.889881973022403,-19.2261231138546,21.464089410912973,-29.73947854747752,-14.5,11.11328125,138.62109375,4.44921875,-73.40234375,-175.4921875,127.77183706008566,-0.2086437499999995,-11.67399860372088,-1.0063075300742526,-12.73432666439754,-2.9629227840066807,1.2938398849490995,3.813723236834446,-0.5038146829582748,-2.057460359082832,-2.8292008106746005,0.7679165169759395,2,0,3,0,0,0,0,0,0,0.0,0.0,-3.6028663767823224,0.0,0.0,0.0,0.0,0.0,0.0,0.0,0.0,0.0,0.0,23.20187978046503,17.57203384247855,6.103966387748303,4.836269690250055,0.0,11.594566004035068,0.0,5.687386274683562,5.687386274683562,5.563451491696996,0.0,24.26546827384644,0.0,0.0,-0.7561620265390097,0,0,0,0,0,0,0
0,2,135.31778870454423,0,0,1,-96.54806752330563,3.183673469387758,1.122448979591833,2.102040816326528,-7.211824417009602,-4.2275993268821,-16.44249781485525,-2.991165172058766,2.245780571030422,6.01795918367346,30.22448979591836,-80.76571428571428,6.5616326530612135,-113.32653061224488,14.604081632653084,-279.7383803615679,0.2878386122448968,9.066010775039354,-0.7719976639634922,-1.5897916477308012,-17.653460723767605,-4.381453491691076,-1.926201219140473,-0.1001569571587206,-2.365083174902426,-3.4401409591917136,0.7740022053549811,1,0,0,0,0,0,0,1,0,0.0,0.0,0.0,0.0,0.0,0.0,8.603079648526077,0.0,0.0,0.0,0.0,0.0,0.0,41.93277523254056,11.054269761362136,12.380376191669844,0.0,0.0,0.0,0.0,0.0,6.544756405912575,16.55529241255443,16.139331915608167,5.063217724965349,13.1140390511388,42.46456947923127,0.5620403439153441,0,0,0,0,0,0,1
0,0,97.8745664995371,0,0,3,-56.246913580246925,8.187871581450654,-3.8335315101070178,-1.7550535077288982,-2.4032255557965927,-11.125051118643093,-4.039105410833048,-3.792146534008747,3.186080140893084,139.31034482758628,245.79429250891795,115.74791914387632,-81.7419738406659,224.25683709869205,-208.1058263971464,-71.64601481400649,-1.0300965517241398,-1.1444898606084484,10.985216900049975,-5.097210648486713,-9.197180901405074,3.875713392980468,-6.357100612253613,-0.5445816186556928,20.73693308416043,-6.091667895634676,0.3905632505017901,4,0,0,0,0,0,1,0,3,0.0,0.0,0.0,0.0,0.0,0.0,0.0,0.0,5.187641093474427,0.0,0.0,4.9839785209472085,0.0,34.802819670697545,18.23639724276716,5.022633313741326,5.153109816892792,5.879988336435371,0.0,5.879988336435371,0.0,21.078364780810816,13.213763929025836,0.0,6.06636706846161,13.847474399381248,0.0,0.05212962962963,0,0,0,0,0,0,0
0,1,262.46115758224227,0,0,1,-121.83134920634924,9.637755102040822,3.530931122448978,-1.1403061224489823,-18.5846043721558,-22.129329852654383,-8.303963354889284,-87.66930750352265,-1.1058057196358142,-31.42474489795919,170.91836734693874,-41.44642857142859,-335.3278061224489,-63.83545918367342,84.29081632653059,390.82745762895024,-1.975629719387754,34.43004628746809,-25.34553544965801,-19.380346694753158,-27.20133823369999,23.98039139489749,-12.688697261085307,0.1037508225152701,-3.183848329659991,-1.9212368274173184,0.7739946396497317,1,0,3,0,1,0,0,1,0,0.0,0.0,-3.722777200386328,-4.692739551839253,0.0,0.0,0.0,0.0,0.0,0.0,0.0,0.0,0.0,11.600939890232516,17.206343131828643,22.840946106665523,11.384295757348628,5.783244946364939,5.907179729351506,5.749511833283905,0.0,22.570357920061326,0.0,0.0,38.0517250328187,0.0,0.0,-8.296821448967385,0,0,0,0,0,1,0
0,0,147.58846499497668,0,0,1,12.831275720164609,-2.147842056932965,-5.646464646464645,-1.5179063360881544,-26.696125111950032,-37.89479722261762,30.227874307778286,-45.640000061582136,56.06517591007552,52.239669421487605,-41.77685950413222,20.89256198347108,-53.57851239669421,-61.27272727272726,26.80991735537191,114.49981422480326,-0.8731422405876945,3.77190492717416,-22.47313747752274,-10.34726683743218,15.516057384406642,-2.9804791130684234,-8.248250730142988,-0.6918490545523932,-3.612296319488096,-9.571266931865518,0.6420934344489604,0,0,0,0,1,0,0,0,0,0.0,0.0,0.0,-1.8356095679012343,0.0,0.0,0.0,0.0,0.0,0.0,0.0,0.0,0.0,35.866408164078955,5.022633313741326,4.895483475517775,5.724985593970254,10.023291153407584,5.907179729351506,0.0,0.0,15.481568280956097,11.126902983393991,6.06636706846161,12.13273413692322,24.26546827384644,0.0,-0.4535133219954643,0,1,1,1,0,0,1
0,0,41.86609110880302,0,0,1,-7.650041152263375,-1.755555555555556,0.0,0.0,-7.515028535622957,-10.49763552304019,-7.686208403190573,0.0,0.0,-3.862222222222224,9.244444444444442,-123.07555555555555,-8.746666666666663,0.0,0.0,0.0,-0.3462715555555559,-1.3707732147311678,-6.812948500048675,1.6581045500548526,2.778817210868506,0.0,0.0,-0.6241661767587692,-8.39493791227117,-6.166121719865295,0.7740094595130103,0,0,0,2,0,1,0,0,0,0.0,0.0,0.0,0.0,0.0,0.0,0.0,4.753117283950617,0.0,0.0,0.0,0.0,0.0,11.600939890232516,5.516700717616262,0.0,5.583020141642242,0.0,0.0,0.0,0.0,0.0,16.12235417299983,0.0,0.0,18.19910120538483,0.0,-0.4562345679012345,1,0,0,1,0,0,0
0,0,105.31554270405542,0,0,0,2.0,0.5599999999999993,-0.559999999999999,0.1600000000000006,1.435555555555555,-1.857777777777778,0.1155555555555566,0.862222222222223,-0.5511111111111106,12.0,-24.0,8.0,-53.0,14.0,-14.0,126.07135152596496,0.0587999999999968,-5.248236180911222,1.749412060303583,-11.589854899511812,1.3120590452278873,3.061471105531528,-3.061471105531369,-0.6944444444444444,1.0005662819520975,-10.255804390009034,2.7514484239722847,0,0,0,6,0,0,0,0,0,0.0,0.0,0.0,0.0,0.0,0.0,0.0,0.0,0.0,0.0,0.0,0.0,0.0,72.79640482153933,0.0,0.0,0.0,0.0,0.0,0.0,0.0,0.0,0.0,0.0,32.31734528678877,0.0,0.0,0.0,0,0,0,0,0,1,0
0,3,323.38824393216845,0,0,0,-27.98796041220284,-2.616161616161616,4.367309458218549,2.50872359963269,-6.34663350048685,0.3192754959496462,-15.078175759339247,-5.3691863138178135,2.3876481487779664,19.90909090909092,-65.76767676767676,-70.0257116620753,-3.204775022956838,-22.48668503213957,54.20018365472911,80.07484520037552,-0.1996969696969693,18.781188309497683,-18.50441493406866,-10.659713571730206,-4.706747280523861,-7.702081556534605,5.859840078110562,-0.7571166207529844,-6.547316013012451,-8.372622541489903,0.6517926494662623,4,0,0,0,0,1,1,0,0,0.0,0.0,0.0,0.0,0.0,8.42713029529994,3.8847583354329385,0.0,0.0,1.7850186602418745,0.0,17.0237765041296,0.0,0.0,12.021248069613002,0.0,6.19315609577884,5.959554568743835,0.0,6.19315609577884,0.0,0.0,5.959554568743835,29.438319609103075,0.0,25.136877006832847,13.116893295469463,2.322918320105821,1,0,0,0,0,0,0
0,0,491.36978296642366,0,0,2,-68.30518518518517,4.622479338842984,-19.59438016528925,-22.01520661157025,-2.502263210733101,3.964830535054996,-4.77127726951521,-0.3640297853204711,-11.125565053200674,13.493884297520674,80.35471074380166,-134.1411570247934,3.721652892561988,147.89322314049588,-142.18380165289258,539.7583439186608,0.0971299504132272,-42.57023180676759,18.30166678133993,-5.121671572780482,-33.448044703870266,-0.4716531721591654,5.641345534585783,0.1112630579297246,0.540875208586737,4.0119006817113405,0.7730717868900115,2,0,1,2,0,0,1,0,0,0.0,0.0,0.1301993379996626,0.0,0.0,0.0,4.9014241972509165,0.0,0.0,0.0,0.0,0.0,0.0,35.33461391738825,33.46587414791931,0.0,0.0,0.0,0.0,17.075242264380485,11.374772549367124,6.041840829147961,10.045266627482652,44.84064669728643,0.0,0.0,66.73003775307771,0.0,0,0,0,0,0,1,0
0,1,266.03085495181534,2,0,0,-103.652244456463,-0.7712276906435896,-5.696592752839375,-2.125473228772311,0.3410251787753154,-28.182050357550622,-9.009795084430031,0.9625172766059746,-15.084820623760589,23.36398053001621,16.861005949161733,-37.950784207679824,124.11087074094108,-43.15630070308272,-9.752839372633863,-666.0830851666776,0.2235932936722533,7.402501739073072,-10.909375892275884,12.87990569342976,25.926575972316844,-25.601910974019734,4.558805409070417,0.099679332944388,-3.664431816805573,-7.973136003286482,0.9962765856581508,0,0,4,0,0,0,0,1,2,0.0,0.0,-0.3384062946166131,0.0,0.0,0.0,0.0,0.0,0.0,0.0,0.0,0.0,0.0,18.19910120538483,12.673249032974528,12.021872433909696,0.0,0.0,0.0,0.0,0.0,17.98045140505166,18.02611394377097,12.84164324585202,7.109797541277533,24.26546827384644,13.1140390511388,-1.0621018098597457,0,1,1,0,0,0,1
0,0,255.52178901940405,0,0,0,-79.45541838134433,14.66975308641975,-9.879629629629624,-15.447530864197528,-3.6875,-40.25,-38.40972222222222,50.00694444444445,20.187500000000004,24.344307270233184,103.27297668038408,44.0233196159122,-260.567901234568,152.67078189300418,42.443072702332,10.924530087888954,0.0798443072702396,33.488875941380364,29.19040585592037,-20.874841907048967,-42.209118655777225,-18.0183247328574,-16.08318645535501,-0.6572025667228252,5.473649043345375,-6.927773848298693,0.9952717041284462,1,0,1,0,0,0,0,0,4,0.0,0.0,-0.3320351473922904,0.0,0.0,0.0,0.0,0.0,0.0,0.0,0.0,0.0,0.0,6.06636706846161,34.48103099425809,0.0,17.248535499851716,17.08548195453595,0.0,34.12495031652961,0.0,23.127322783683912,35.653630237400726,16.690354475090988,20.099901809429767,27.39575969229421,12.13273413692322,1.6049147560258683,0,0,0,0,0,1,0
0,0,189.0098349483881,0,0,0,18.34710743801652,-0.2938842975206653,4.016528925619837,2.2191735537190103,4.770619834710735,-35.596790633608826,-15.909802571166214,28.581932966023874,-19.08739210284664,10.3246280991736,47.59471074380169,-131.87041322314045,-150.21719008264466,71.32231404958675,58.48661157024791,149.68034262632293,-0.3506308099173492,14.24033695283214,-12.155933901810617,-31.807755034466087,30.700067790539357,0.6657092698149842,6.5717002265923,-0.2586845730027548,-4.732529454119649,-8.477636934253479,0.9950199708691811,3,1,5,0,0,0,0,0,0,0.0,0.0,0.509884442974719,-0.264773833144369,0.0,0.0,0.0,0.0,0.0,0.0,0.0,0.0,0.0,19.420578929450517,6.103966387748303,6.606881964512918,11.566489892729878,0.0,0.0,0.0,0.0,40.83916488835914,24.6774553381748,32.10410811463005,5.573104530069267,0.0,6.076020106833881,1.118041564007247,0,1,0,0,0,1,0
0,0,199.44843088048327,0,0,0,-2.766803840877916,-2.910836762688612,-1.039780521262004,1.370370370370369,18.384637917238223,-28.415004381953977,-33.60893442310624,40.54925649672306,-30.40972222222222,7.016460905349803,91.75582990397808,-97.28806584362135,-56.137174211248336,93.40466392318244,19.81481481481481,66.61475741754226,-0.4172011316872427,14.112026079460092,-14.829089185491576,-18.186727992559224,24.818250392284064,-7.567386633538787,1.1184739895312852,-0.4419647567795716,-4.739205734154929,-10.194488293647217,0.9950210659542236,3,1,3,0,0,0,0,0,0,0.0,0.0,0.1102560468631888,-2.6699811691651973,0.0,0.0,0.0,0.0,0.0,0.0,0.0,0.0,0.0,19.420578929450517,0.0,17.991177721861547,11.566489892729878,0.0,0.0,0.0,0.0,41.15602012353685,25.68328649170404,18.414747775921285,0.0,6.076020106833881,6.923737199690624,-0.172439639276535,0,1,0,0,0,1,0
0,0,92.2094050951317,0,0,0,-45.00826446280991,3.399449035812673,6.571166207529842,2.7566574839302103,-7.322530864197533,-62.13040123456792,-26.11033950617285,-30.31172839506173,-11.80632716049383,3.487603305785116,61.62809917355371,101.30578512396694,-240.13223140495867,-7.735537190082619,29.10743801652893,386.9665982493226,-0.2236900826446293,10.899742372601386,-14.04126144374982,-6.499542695715881,-3.179635584155841,13.353242571775205,5.134755703495927,-0.2436654254836072,4.236824851773346,-8.686876493102027,0.9880054144895812,1,1,0,0,0,0,0,0,0,0.0,0.0,0.0,-1.1722916666666665,0.0,0.0,0.0,0.0,0.0,0.0,0.0,0.0,0.0,12.999757306524504,0.0,5.41499046939678,0.0,11.814359458703011,0.0,0.0,4.794537184071822,0.0,6.4208216229260096,31.256391021773304,0.0,6.923737199690624,6.076020106833881,-0.968703703703703,0,0,0,0,0,0,0
0,0,54.27958200195295,0,0,0,-12.672967863894137,-3.5557655954631366,1.7013232514177692,0.0,-15.01654064272212,-48.534892879647145,-15.85310333963453,-21.526937618147453,0.0,0.6389413988657955,39.92627599243858,21.183364839319463,-138.32892249527413,-48.57466918714556,0.0,-53.9732911610834,-0.3557400756143691,9.712176828885266,-34.69050156531393,12.81266876086208,-0.6627297311336593,2.1849966108410634,0.0,-0.2497837300951585,-5.405642515539895,-1.1798096976571035,1.8388146351137589,0,0,0,0,0,0,0,0,0,0.0,0.0,0.0,-0.9504861111111113,0.0,0.0,0.0,0.0,0.0,0.0,0.0,0.0,0.0,12.84164324585202,0.0,5.41499046939678,0.0,11.814359458703011,0.0,0.0,4.794537184071822,0.0,12.84164324585202,12.84164324585202,0.0,0.0,0.0,-0.863425925925926,0,1,0,0,0,0,0
0,0,45.47797775070577,0,0,0,-35.653979238754324,-7.456747404844289,0.0,0.0,-43.42863321799309,-0.9085928489042736,-26.09602076124568,0.0,0.0,-3.1487889273356413,31.59515570934256,3.259515570934252,74.79584775086505,0.0,0.0,0.0,-0.513392733564014,5.4351414584175695,-30.447510289453064,-1.9160306019669384,2.081824671036204,0.0,0.0,-1.543475834356513,-4.386838017539312,-11.38764055781759,1.9000000000000024,0,0,0,0,0,0,0,0,0,0.0,0.0,0.0,-0.8949305555555558,0.0,0.0,0.0,0.0,0.0,0.0,0.0,0.0,0.0,0.0,0.0,5.41499046939678,0.0,11.814359458703011,0.0,0.0,4.794537184071822,0.0,12.84164324585202,0.0,0.0,0.0,0.0,-0.905092592592592,0,0,0,0,0,0,0
0,0,92.69880123548856,0,0,0,-86.25,-1.81640625,0.48828125,0.66796875,-2.699645996093748,-29.15083821614584,-47.283447265625,-33.44989013671875,-15.923970540364584,4.0625,30.4375,87.0625,-25.125,-81.6875,-19.3125,-91.14972042412654,-0.2198491210937508,4.233336047702634,-22.194487201435653,-10.061340721879477,8.483635711816108,6.9486330412803,0.8917760731911435,0.1092289719626168,1.2822907403630237,-5.513270769087453,1.815384654356112,0,0,0,0,0,0,0,0,0,0.0,0.0,0.0,-0.9917361111111108,0.0,0.0,0.0,0.0,0.0,0.0,0.0,0.0,0.0,32.10410811463005,0.0,5.41499046939678,0.0,11.814359458703011,0.0,0.0,4.794537184071822,0.0,12.84164324585202,32.10410811463005,0.0,0.0,0.0,-0.8274999999999992,0,0,0,0,0,0,0
0,0,75.10475649770747,0,0,0,-111.79072532699172,-2.205707491082047,0.3234244946492278,1.3745541022592158,-5.417731866825218,-36.58169837495046,-54.69778042013476,-15.157104637336507,-18.44678953626635,3.1224732461355287,34.705112960760964,74.01902497027345,30.2354340071344,11.376932223543411,-47.37217598097503,122.5815232674066,-0.2566593341260426,6.058832190139162,-22.07685853040348,-0.9509087647002568,14.25492389484355,-0.5330069875572698,2.246636517802214,0.0059578196382751,0.8790390422280854,-8.565388422470665,1.8206081641553205,0,0,0,0,0,0,0,0,0,0.0,0.0,0.0,-0.9817361111111113,0.0,0.0,0.0,0.0,0.0,0.0,0.0,0.0,0.0,25.68328649170404,0.0,5.41499046939678,0.0,11.814359458703011,0.0,0.0,4.794537184071822,0.0,12.84164324585202,25.68328649170404,0.0,0.0,0.0,-0.8367592592592588,0,0,0,0,0,0,0
0,0,62.76453784537272,0,0,0,-64.0,-2.763313609467457,1.0887573964497046,0.7573964497041421,-9.593934911242602,-43.459750986193306,-36.36430596646943,-17.737765039447734,-9.92289201183432,2.0,38.0,46.0,-68.0,-16.0,-24.0,42.44670432353264,-0.3010909763313609,7.88502693144101,-29.64108316289137,4.822818104430187,6.754153165393133,0.8142034236384518,1.109633491798728,-0.0533333333333333,-2.259807632030661,-4.446924983383811,1.825977529525821,0,0,0,0,0,0,0,0,0,0.0,0.0,0.0,-0.9661111111111113,0.0,0.0,0.0,0.0,0.0,0.0,0.0,0.0,0.0,19.26246486877803,0.0,5.41499046939678,0.0,11.814359458703011,0.0,0.0,4.794537184071822,0.0,12.84164324585202,19.26246486877803,0.0,0.0,0.0,-0.8500925925925924,0,0,0,0,0,0,0
0,0,48.70082656557943,0,0,0,-20.64,-5.469999999999998,0.98,0.0,-27.812135416666663,-26.36244791666667,-19.54828125,-11.787187499999998,0.0,-1.0400000000000151,34.71999999999999,29.04,-34.87999999999998,-24.48,0.0,-23.038268705107104,-0.4244937500000003,6.315831336504127,-30.186113291523377,5.38087180116723,0.693238608442591,1.07042186267598,0.0,-0.9190697674418604,-2.791308849943369,-7.409929583711148,1.8544039664988028,0,0,0,0,0,0,0,0,0,0.0,0.0,0.0,-0.9227083333333336,0.0,0.0,0.0,0.0,0.0,0.0,0.0,0.0,0.0,6.4208216229260096,0.0,5.41499046939678,0.0,11.814359458703011,0.0,0.0,4.794537184071822,0.0,12.84164324585202,6.4208216229260096,0.0,0.0,0.0,-0.8842592592592591,0,0,0,0,0,0,0
0,1,18.154002923023164,0,0,0,0.0,-4.005917159763315,0.0,0.0,8.275147928994084,2.4881656804733727,0.0,0.0,0.0,-1.923076923076937,-9.556213017751489,-36.177514792899416,19.89349112426036,0.0,0.0,0.0,-0.223092307692308,-12.44158177286158,-0.173852362881975,0.3082817209207198,0.0,0.0,0.0,-1.6878698224852071,-15.239033819638928,7.082776378975826,1.9874966262982283,1,0,1,0,1,0,0,0,1,0.0,0.0,-0.4583333333333337,0.0,0.0,0.0,0.0,0.0,0.0,0.0,0.0,0.0,0.0,0.0,6.606881964512918,6.041840829147961,0.0,0.0,5.907179729351506,0.0,0.0,5.907179729351506,6.606881964512918,0.0,0.0,0.0,0.0,-0.2361111111111109,0,1,1,0,0,0,0
0,1,149.81511254290484,0,0,0,-101.9334775554354,2.0659816116819885,-3.109248242293128,0.9713358572201218,0.692115858421969,0.5720209122047946,-6.708671353884983,-1.820263205336217,1.9643050297458104,22.38615467820441,-5.341265548945399,-23.595997836668477,32.85884261763115,-68.36289886425092,58.77825851811793,-915.294978951648,0.2326983234180638,25.19306227052683,12.441048363921404,0.3072666075172153,-64.61742537264105,-37.94129238314141,22.98366748868432,0.0221135749053543,0.3213624405557967,0.0796697326946418,0.9969628451120496,2,2,0,0,0,0,0,1,0,0.0,0.0,0.0,0.0,0.0,0.0,0.0,0.0,0.0,0.0,0.0,0.0,0.0,66.25608129142991,0.0,0.0,0.0,0.0,0.0,0.0,0.0,0.0,0.0,13.08951281182515,40.668553742709264,5.573104530069267,0.0,0.0,0,0,0,0,0,1,0
0,0,22.28783589411513,0,0,0,0.0,-2.1124260355029585,0.0,0.0,-14.89990138067061,-14.92767915844839,0.0,0.0,0.0,-7.307692307692313,15.585798816568044,-59.52662721893493,-18.372781065088752,0.0,0.0,0.0,-0.6294615384615383,2.3500364848574504,-8.145986312578218,2.984955172093223,0.0,0.0,0.0,0.3713887922032721,-10.25132088406468,-4.346916415932521,2.834368607734564,0,0,0,0,1,1,1,0,0,0.0,0.0,0.0,0.0,0.0,0.0,0.0,0.0,0.0,0.0,0.0,0.0,0.0,0.0,0.0,5.817862777835028,0.0,0.0,0.0,0.0,5.817862777835028,0.0,5.817862777835028,0.0,12.263210640074686,0.0,0.0,0.337962962962963,0,0,0,0,0,0,0
0,0,183.355941508742,0,0,0,11.75,-8.545118343195263,0.6102071005917153,6.451183431952662,12.26140029174885,-1.8559515738001255,-8.044150127383297,-8.033083703155816,-9.86424432938856,29.5,107.5,-111.25,88.75,-45.0,52.5,-382.22870849989096,0.5142955621301762,11.866659062809086,-28.07857798098898,-18.08149668831538,32.19384586251327,-8.412332913865885,16.882759579270676,-0.4935344827586206,-6.1414794298218345,-11.94154855053223,0.9950210980216652,2,1,3,0,0,0,1,0,0,0.0,5.775263979705493,1.8962790532879812,-0.8144479744058115,0.0,0.0,0.0,5.431599510748591,0.0,0.0,0.0,0.0,6.423349895620259,30.497676505431603,6.196843571613076,5.601050810983688,5.760247418874442,0.0,0.0,12.343784214475903,0.0,10.82998093879356,17.75371813848418,44.28517715643051,11.984273114623004,5.573104530069267,6.196843571613076,5.63748482178429,1,1,0,0,0,1,1
0,0,94.47728754131428,0,0,0,-66.31360946745562,2.1183431952662706,2.0000000000000027,7.094674556213021,-17.57133464825772,2.270874424720562,-10.153188691650229,-21.33333333333333,7.429322813938207,-12.047337278106507,0.1893491124260373,36.449704142011846,-98.59171597633136,-98.61538461538464,75.67455621301775,-476.038360717932,-0.6733218934911238,-4.3080646896437305,-9.683964386614624,0.2600033475918219,-4.269605698612251,-6.679374070273953,9.246648666884717,-0.1326429980276132,0.6256370786033147,-4.634004574988853,2.778675552240017,0,0,0,0,0,0,0,0,0,0.0,0.0,0.0,0.0,0.0,0.0,0.0,0.0,0.0,0.0,0.0,0.0,0.0,24.26546827384644,11.126902983393991,11.49902366656781,5.783244946364939,5.783244946364939,0.0,11.49902366656781,0.0,39.53607457972073,0.0,0.0,36.39820241076966,0.0,0.0,-1.4011980347694626,0,0,0,0,0,1,0
0,0,89.74060305401125,0,0,0,26.67142290923504,-6.292508917954813,-1.0368608799048749,-0.9928656361474436,5.57230251235954,-38.16392950289436,49.2526967944295,-29.14567787058649,-2.87329643412294,73.88822829964329,67.3935790725327,-122.92984542211649,65.3602853745541,-61.02259215219978,-32.3804994054697,-183.74876539894163,-0.5305636147443515,-4.921170786471831,-21.16318901215741,2.619999238111689,-9.461276520704562,-8.199507530087665,-12.67602381025488,-0.2746574650470573,-10.034447784224232,-2.7942324121530118,0.6442280212327729,0,0,0,0,2,0,0,0,0,0.0,0.0,0.0,0.0,0.0,0.0,0.0,0.0,0.0,0.0,0.0,0.0,0.0,0.0,9.79096695103555,0.0,0.0,9.837253136417502,0.0,0.0,11.374772549367124,9.79096695103555,11.374772549367124,0.0,24.26546827384644,24.26546827384644,0.0,0.0,0,0,0,0,0,0,0
0,0,176.12254098253825,0,0,0,10.999999999999986,-3.283950617283951,2.1481481481481497,0.6543209876543215,15.57733196159123,-6.205780368846208,-21.880486968449933,-15.85465249199817,-10.56313824112178,16.66666666666664,50.11111111111107,-113.33333333333336,-36.22222222222218,3.000000000000009,77.8888888888889,-38.31304244547413,-0.1193750000000021,13.698291230040905,-12.324747512201451,-22.569001606201866,30.54117844342053,-4.104055169687022,4.176359450806041,-0.3162393162393162,-4.577674390241102,-10.542200720788877,0.9950199627407174,3,1,4,0,0,0,0,0,0,0.0,0.0,2.042713241160661,0.291939129818594,0.0,0.0,0.0,0.0,0.0,0.0,0.0,0.0,0.0,19.420578929450517,0.0,6.606881964512918,11.566489892729878,0.0,0.0,0.0,0.0,29.13801389583281,29.95778470777513,32.10410811463005,18.414747775921285,0.0,6.076020106833881,2.4180510122309813,0,1,0,0,0,1,0
0,0,220.6527349658578,0,1,0,71.39889196675898,0.7516158818097795,1.5241612803939724,3.270236995998773,48.59999016791491,-69.93896198830409,19.522883109332785,36.32669453849047,-14.2234875688246,-0.0166204986149427,125.35180055401662,25.9224376731302,-233.42105263157896,115.18005540166205,-16.711911357340725,620.7483940992365,-0.717648661126497,9.596897486600804,-29.41984839564924,-48.09194144614648,34.08600308336597,18.918126484779275,4.69805192021967,-0.8861309712809172,-2.423111917758709,-10.85340365242283,0.9934518416231884,4,3,4,0,0,0,0,0,0,0.0,0.0,-2.6911447047955,-5.872027536323172,0.0,0.0,0.0,0.0,0.0,0.0,0.0,0.0,0.0,25.4965990362844,6.103966387748303,12.207932775496603,17.235249711475557,0.0,0.0,0.0,4.39041504767482,18.121972615452343,24.835569398847294,0.0,12.152040213667762,26.847231705905752,0.0,-2.119133574566701,0,1,0,0,0,1,0
1,0,124.38583547170558,0,0,0,8.438139780684372,5.051129607609985,-8.513674197384063,9.797859690844232,-58.59267143206942,-16.39106048214208,-15.579446152111688,64.2778222215176,-30.311454025630866,-41.93103448275868,74.435196195006,-1017.4601664684895,-1264.042806183115,61.00951248513673,-1319.6195005945306,-544.2898498359114,-0.8235344827586213,7.153593606500933,16.57037248367694,-22.35059688670108,-45.18193590531102,-4.513221600955887,1.86032432713617,0.546475536178271,10.502249944045197,13.55249148440273,0.1514629650083128,2,0,0,0,0,0,0,0,0,0.0,0.0,0.0,0.0,0.0,0.0,0.0,0.0,0.0,0.0,0.0,0.0,0.0,0.0,27.648770854260302,0.0,0.0,11.814359458703011,0.0,0.0,11.374772549367124,17.377810950400008,22.08531936256331,0.0,13.847474399381248,0.0,67.77261188120417,-1.7428592970521528,0,0,0,0,0,0,0
0,0,123.6804477391403,0,0,1,-34.872019861918865,-0.1404958677685961,1.462809917355373,4.371900826446281,3.4162392306487583,-3.1687547210056257,-0.5769005892150928,-3.575526117894244,-2.08249067275546,9.136822773186434,32.87695133149681,-76.64187327823689,47.564738292011015,-250.71349862258955,-18.21854912764007,-802.4894372334725,0.1000785123966938,8.431209531338995,-0.3052824174459956,-3.637302519678996,-6.396384727672993,-8.059930741522995,0.6309444139359943,-0.698684697491329,-2.632429347838477,-7.634955151456565,0.7740024330083325,1,0,0,0,0,0,0,1,0,0.0,0.0,0.0,0.0,0.0,0.0,4.474135802469136,0.0,0.0,0.0,0.0,0.0,0.0,41.93277523254056,11.399071277454263,6.544756405912575,0.0,5.907179729351506,0.0,0.0,5.687386274683562,12.45193613526408,5.022633313741326,22.52597426084825,0.0,18.013948781989278,42.46456947923127,-0.0282374338624338,0,0,0,0,0,0,1
1,0,59.572212120552166,0,0,2,-3.6153453729211273,-3.917355371900828,8.604228440844963e-16,1.966942148760332,2.885845690349057,5.280023233960757,-5.962555156251376,-11.539730293331116,-1.6775325898969744,-7.81818181818181,61.41322314049587,-105.84297520661156,13.79338842975205,-6.090909090909102,-58.25619834710742,235.14211766952675,-0.3996909090909094,-7.0685983953470135,5.132964460964002,-8.846252047782,-10.762597493204982,1.6419144841860185,2.641249120902007,-1.6075003684431295,-1.0519630669018978,-3.00678449705452,0.7730851380733317,1,0,1,0,0,0,0,0,1,0.0,0.0,-0.9364115646258504,0.0,0.0,0.0,0.0,0.0,0.0,0.0,0.0,0.0,0.0,23.20187978046503,5.022633313741326,5.749511833283905,6.103966387748303,0.0,0.0,5.749511833283905,0.0,0.0,15.794778460766558,0.0,19.056471336613843,6.06636706846161,0.0,-0.7342746913580236,0,0,0,0,0,0,0
1,0,105.713060667355,0,0,2,-51.86117969821674,-3.589999999999998,-4.51,1.5299999999999991,-17.195570627783702,10.06839235211434,-18.50996629917525,-5.238962556520859,1.2677098680756664,-10.395555555555545,16.617777777777786,-55.58222222222221,55.99555555555554,-347.50666666666655,164.09777777777776,-853.1161424585271,-0.4604160000000016,-16.8139121725218,-11.536530081713174,14.922746072766598,0.1944670389301186,-13.09381661078856,-7.658246366103202,0.2141903455483702,-4.865760810003777,-1.90381296825593,0.773083371227018,0,0,0,0,0,0,0,0,0,0.0,0.0,0.0,0.0,0.0,0.0,0.0,0.0,0.0,0.0,0.0,0.0,0.0,47.46734805431147,22.153474525092225,0.0,0.0,0.0,0.0,0.0,11.374772549367124,6.4208216229260096,26.98349066854677,0.0,0.0,36.39820241076966,6.06636706846161,-0.8893467078189301,0,0,0,0,0,0,0
0,0,100.862516041468,0,0,0,-27.533888228299656,1.6337693222354357,-6.460166468489895,-2.0214030915576715,10.25918219051394,-15.234608270577354,2.6795151274937243,-10.591260404280618,-13.668483287092087,8.18668252080858,-16.055885850178335,30.568370986920343,-52.73840665873961,-67.21878715814508,-38.05588585017838,-417.39413099771735,-0.5525464922711081,9.310518693642756,-14.373061015375969,-3.135009205409834,1.949290657368592,-4.96953398533497,-5.546926085378763,0.0525640299718778,0.570686403331996,1.0538198771642946,1.8907371153306287,2,0,2,2,0,1,2,0,1,0.0,0.0,-0.3417623299319736,0.0,0.0,0.0,0.0,0.0,0.0,0.0,0.0,0.0,0.0,0.0,25.365488501790303,6.22790117073487,11.16387793838399,0.0,5.559266895052008,0.0,0.0,24.4980164180481,11.16387793838399,12.84164324585202,6.3273200747645415,10.894419722555895,0.0,0.0,1,1,1,1,0,0,0
1,0,88.18870351240857,0,2,0,25.84615384615384,-4.508875739644968,0.3668639053254434,1.065088757396449,-39.55161078238002,-43.78369493754109,-17.128205128205135,26.614727153188703,-72.36226166995398,-14.53254437869823,2.0118343195266206,-57.91124260355031,-26.86390532544378,8.562130177514792,-87.80473372781064,-153.02327097776913,-0.7988749999999993,-11.212928268461322,-18.12868484635828,-4.653208826546832,-28.13189210741105,-3.4365965393153166,-4.3145014738674,-0.2519175980714443,-5.647574603855325,-8.659248593011935,2.828056530142836,0,0,0,0,0,0,0,0,0,0.0,0.0,0.0,0.0,0.0,0.0,0.0,0.0,0.0,0.0,0.0,0.0,0.0,6.06636706846161,0.0,22.94740500707269,0.0,0.0,0.0,16.876414816677897,8.78083009534964,16.690354475090988,6.06636706846161,18.19910120538483,12.13273413692322,0.0,0.0,-3.2396716217351127,0,0,0,0,0,0,0
0,0,131.760742406047,0,0,0,35.320000000000014,-4.804999999999996,0.057499999999998,-0.9550000000000016,-4.641280381944446,2.186427951388892,-0.7829947916666663,-3.7369661458333336,-6.994019097222226,12.079999999999997,43.52,-84.04,18.52000000000001,49.32000000000001,-36.67999999999999,328.7217876294678,-0.1442642500000014,4.920509963036141,-17.762814455652855,-5.8438592917940815,6.245920897159889,4.691341349891928,-10.942820957761024,-0.64,-5.95747788527096,-11.496236046497284,0.9959509983888508,1,1,2,0,0,0,0,0,0,0.0,0.0,0.9296556122448972,-0.1004405627991937,0.0,0.0,0.0,0.0,0.0,0.0,0.0,0.0,0.0,24.639228905055383,0.0,11.532756779648844,0.0,0.0,0.0,5.749511833283905,0.0,5.41499046939678,23.368568871971632,32.10410811463005,16.70000751346326,6.06636706846161,6.06636706846161,1.758956535546317,0,1,0,0,0,1,0
0,0,131.760742406047,0,0,0,25.705215419501144,-4.852607709750568,-1.2108843537414968,-1.8412698412698407,-1.239355001259763,3.50328719450743,-0.0455561854371386,-2.543379157218444,-5.98409942680776,9.204081632653056,31.12018140589567,-86.95011337868482,40.04988662131521,42.14965986394557,-44.17460317460318,232.06955735310552,-0.3125020408163267,5.905066255082115,-19.427222133310966,-3.08537139564416,2.6071397550608437,1.839219994555025,-14.101540144483048,-0.4147348960815748,-5.943167718880488,-9.141136143724358,0.9959496747102284,1,1,3,0,0,0,0,0,0,0.0,0.0,0.9411970374569572,0.0940038816452508,0.0,0.0,0.0,0.0,0.0,0.0,0.0,0.0,0.0,24.639228905055383,6.103966387748303,5.749511833283905,0.0,0.0,0.0,5.749511833283905,0.0,11.51895685714508,17.585323925606694,32.10410811463005,11.126902983393991,5.573104530069267,12.13273413692322,1.4430226311203491,0,1,0,0,0,1,0
0,0,226.03657294516051,0,0,0,1.028466483011937,0.2644628099173534,-1.6694214876033049,-11.107438016528926,-0.0963932251811043,-9.007932863993483,4.971176410570353,16.11677379859199,-7.493521069278647,39.637281910009165,-33.64003673094585,51.943067033976135,-88.80624426078973,28.914600550964188,-38.53259871441689,645.5561184970218,0.6858044995408747,13.41418494681868,-3.2754151137992737,66.59873856486777,-67.2571339251927,27.643627989482457,8.81842802504606,-0.591712580348944,1.1566274069411238,-2.043004932780252,0.987143618311369,14,0,0,0,0,0,0,4,2,0.0,0.0,0.0,0.0,0.0,0.0,0.0,0.0,0.0,0.0,0.0,0.0,0.0,26.689117645233267,26.427527858051672,0.0,0.0,0.0,0.0,0.0,9.589074368143644,12.062229024676144,65.69606629352711,38.7727993035292,0.0,0.0,19.599638923401912,0.0,0,0,0,0,0,0,0
0,0,298.14324618845285,0,0,0,-18.388888888888875,1.4074074074074083,-3.024691358024689,-0.0246913580246902,-5.437359342849794,4.435739776234565,-7.450989690500691,-2.363400473679699,-0.3218543702846376,47.13888888888893,132.91666666666674,-142.0833333333333,-55.33333333333334,-77.47222222222221,90.86111111111109,-978.1483497052564,0.2741967013888979,15.593522901858924,-21.76863182667237,-33.11280641381036,35.80392943574423,-29.90017081384855,16.444485001076288,-0.4002760524499655,-3.9868438916221938,-7.159160715033494,0.9930356107919016,5,1,8,0,0,0,0,0,2,0.0,0.0,4.520004173859396,0.4368511000716993,0.0,0.0,0.0,0.0,0.0,0.0,0.0,0.0,0.0,39.34407343566565,18.814814740009524,0.0,5.7871111525705965,0.0,0.0,0.0,0.0,11.8910775403189,34.68766546502604,43.62306497177512,38.524929737556064,5.573104530069267,0.0,3.936580730627637,0,2,1,0,0,1,1
0,0,49.812992116709175,0,0,0,-4.826446280991731,-2.148760330578514,1.5206611570247943,1.1570247933884303,-0.1763085399449037,-0.148760330578512,-0.9329660238751138,0.3599632690541797,0.5619834710743811,5.165289256198349,-41.322314049586765,-16.942148760330582,-10.743801652892564,15.082644628099164,17.35537190082644,135.8206709178782,0.0253099173553693,-9.036219319750414,-3.704849921097667,-2.3494170231351026,-4.156660887085181,3.298220051708904,3.7952121142951736,-0.402892561983471,-3.316645329144136,-5.674699264377099,2.733811610431114,0,0,0,0,0,0,0,0,0,0.0,0.0,0.0,0.0,0.0,0.0,0.0,0.0,0.0,0.0,0.0,0.0,0.0,60.6636706846161,0.0,0.0,0.0,0.0,0.0,11.126902983393991,0.0,0.0,0.0,0.0,11.126902983393991,0.0,12.13273413692322,0.0,0,0,0,0,0,0,0
0,1,225.73767248907373,0,0,0,44.768175582990416,1.75,-30.75,-7.0,-6.430155464106081,-2.36454999237921,4.908005163084893,-0.6627538675506813,-67.44153901844234,9.684499314128942,68.06310013717419,-14.4238683127572,-50.21124828532233,-160.93964334705072,-570.8161865569274,-1318.1378319826829,0.0312459190672179,-2.119897693690953,23.65125027422739,-17.44326203170172,31.733855865281388,-36.561787754888,11.841196734951872,0.1897576588934612,2.935115510707931,-5.670166304854986,0.9871887527804408,5,0,2,0,1,0,1,1,0,0.0,0.0,0.7871896783404717,-0.9260416666666672,0.0,0.0,0.0,0.0,0.0,0.0,0.0,0.0,0.0,36.39820241076966,5.693927994848461,5.41499046939678,0.0,5.907179729351506,0.0,0.0,0.0,5.907179729351506,24.198431276070394,12.10820789760957,0.0,6.196843571613076,48.53093654769288,-0.3566090325018891,0,0,0,0,0,0,0
0,0,66.46286664810272,0,0,0,12.9718792866941,0.1543209876543225,-11.728395061728396,-11.40740740740741,-1.444434918457552,1.486130163084896,4.195035055631763,-0.2982014936747452,-1.9583904892546868,136.07098765432096,464.4876543209877,585.3734567901237,-761.5679012345681,-349.06172839506183,-644.9629629629629,-734.2897720259775,0.3050959876543215,3.141957231654983,66.72046821534663,-43.37142929292077,-10.513468421535164,-9.064909916655058,-10.355794726247394,-0.1831183034886739,23.54172799217472,-15.699701918616771,0.563406428096317,8,0,0,0,0,0,0,2,0,0.0,0.0,0.0,0.0,0.0,0.0,0.0,0.0,10.68224111866969,3.184074074074074,0.0,0.0,0.0,24.43574688609339,0.0,8.641068171117942,0.0,0.0,0.0,0.0,0.0,0.0,0.0,34.82009379476824,0.0,21.587795952773448,0.0,0.0,0,0,0,0,0,0,0
0,0,60.01959674807294,0,0,2,-30.685871056241425,-5.395833333333331,-3.1111111111111125,-0.1944444444444455,-2.3793329348295487,-1.6623904908423512,-9.0514543535877,2.1695361056072078,4.4021757883283374,-1.0,94.0,20.0,11.0,222.0,-192.0,267.1060226851194,-0.1380166666666664,25.14044957821399,-26.27459030846096,3.785095838471989,-12.641622571579973,-4.676577180152002,-2.783057212486008,-0.5557795134514711,-13.92003051619165,6.480140833879329,0.7729040642249453,0,0,0,0,0,0,0,1,0,0.0,0.0,0.0,0.0,0.0,0.0,0.0,0.0,0.0,0.0,0.0,0.0,0.0,23.20187978046503,10.045266627482652,0.0,0.0,0.0,0.0,0.0,10.481923458755384,6.031114512338072,15.732652902166215,0.0,4.899909730850478,32.29444517073921,0.0,0.0,0,0,0,0,0,0,0
0,0,128.89940089217944,0,0,0,-10.9296875,3.515625,-6.359375,2.1875,2.6484375000000004,-14.606770833333336,3.063368055555556,10.868489583333336,-8.828125,3.22265625,62.50390625,35.5234375,-164.8046875,48.97265625,-98.671875,236.71753917016176,-0.7235683593750002,30.663312116479496,-26.392063335369308,-10.582389317314194,-7.27925946138969,9.852463795588672,-12.57539563891466,-1.343701774691358,-4.324893093381714,0.6781113840002546,0.9960264515210656,2,0,1,2,0,0,1,0,0,0.0,0.0,-0.9820923091458807,0.0,0.0,0.0,0.0,0.0,0.0,0.0,0.0,0.0,0.0,0.0,25.582924832938332,0.0,11.16387793838399,0.0,5.559266895052007,0.0,0.0,17.708634344296566,0.0,4.567099647791355,29.556863335701628,0.0,0.0,0.0,1,0,0,1,0,0,0
0,1,59.03723412300118,0,0,0,-11.414201183431953,-3.0,-0.75,0.75,16.347797501643647,3.564431295200525,7.487508218277449,-6.404339250493094,-8.680144641683103,-17.15384615384615,-4.840236686390536,0.1597633136094707,5.047337278106501,-10.68639053254438,-17.402366863905318,-21.69634642729228,-0.9108653846153854,5.8903160850723815,-8.383448061668178,-5.812052132758523,-4.842135308550553,2.596323474452608,1.8447692474895776,-0.4268516629259336,-5.384781616269681,-6.0975683910769645,0.9959615786728993,1,0,1,0,0,0,0,0,0,0.0,0.0,-0.6699074074074078,0.0,0.0,0.0,0.0,0.0,0.0,0.0,0.0,0.0,0.0,6.06636706846161,6.103966387748303,0.0,11.49902366656781,0.0,0.0,11.49902366656781,0.0,11.49902366656781,12.10820789760957,0.0,12.13273413692322,13.1140390511388,0.0,-0.3953141534391529,0,0,0,0,0,0,0
0,0,131.76074240604672,0,0,0,21.781163434903053,-4.315789473684204,-3.321329639889199,-0.337950138504157,-6.293022853185596,4.935605186211143,2.986375615574025,-3.396545090797169,-7.847876269621424,9.891966759002756,50.526315789473685,-70.54016620498614,41.04709141274238,10.858725761772856,-34.19667590027701,-33.62589883052421,-0.1631914127423835,6.591300429816434,-13.5415654003734,-3.072522837547589,-1.1330854269913075,-4.293300057496925,-9.80114152888319,-0.6893109967902211,-5.157069741562981,-11.716508688522614,0.9959515287310968,1,0,1,2,0,0,0,0,0,0.0,0.0,0.3860676492819349,-0.1412738961325272,0.0,0.0,0.0,0.0,0.0,0.0,0.0,0.0,0.0,25.12283840507545,0.0,11.532756779648844,0.0,0.0,0.0,5.749511833283905,0.0,5.41499046939678,17.450662825810237,31.069510706168835,16.513127197858786,6.06636706846161,12.13273413692322,1.1435630170277995,0,1,0,0,0,1,0
0,0,131.760742406047,0,0,0,35.320000000000014,-4.804999999999996,0.057499999999998,-0.9550000000000016,-4.641280381944446,2.186427951388892,-0.7829947916666663,-3.7369661458333336,-6.994019097222226,12.079999999999997,43.52,-84.04,18.52000000000001,49.32000000000001,-36.67999999999999,328.7217876294678,-0.1442642500000014,4.920509963036141,-17.762814455652855,-5.8438592917940815,6.245920897159889,4.691341349891928,-10.942820957761024,-0.64,-5.95747788527096,-11.496236046497284,0.9959509983888508,1,1,2,0,0,0,0,0,0,0.0,0.0,0.9296556122448972,-0.1004405627991937,0.0,0.0,0.0,0.0,0.0,0.0,0.0,0.0,0.0,24.639228905055383,0.0,11.532756779648844,0.0,0.0,0.0,5.749511833283905,0.0,5.41499046939678,23.368568871971632,32.10410811463005,16.70000751346326,6.06636706846161,6.06636706846161,1.758956535546317,0,1,0,0,0,1,0
0,0,131.76074240604672,0,0,0,25.93388429752065,-5.376033057851233,-0.369834710743803,-1.9504132231404967,1.0949839302112028,-0.4790303604224075,-3.588606232782369,-3.742126520890724,-4.999777605601468,11.39669421487601,23.98347107438016,-86.86776859504134,42.2809917355372,41.53719008264464,-39.84297520661159,286.8471780906989,-0.2872811983471103,4.147743009024442,-21.0995850381748,-1.8993771813831288,10.85887530758964,4.145365971260073,-13.941025632877146,-0.3672520661157026,-5.650378090062529,-9.463898437799925,0.995949136074803,1,0,4,0,0,0,0,0,0,0.0,0.0,1.9986441274040476,0.1622909186822874,0.0,0.0,0.0,0.0,0.0,0.0,0.0,0.0,0.0,12.990104268152232,6.103966387748303,5.749511833283905,0.0,0.0,0.0,5.749511833283905,0.0,11.51895685714508,17.58532392560669,25.18037091493942,30.38936785217202,0.0,12.13273413692322,2.488895646993365,0,1,0,0,0,1,0
0,0,146.9760812701083,0,0,0,24.266666666666666,-5.520000000000007,0.7600000000000018,-1.9599999999999984,14.46784979423868,-11.817472565157754,-12.280864197530864,-5.085476680384087,-4.368055555555552,4.45333333333333,19.386666666666656,-90.18666666666668,5.648888888888903,67.46222222222224,-20.37333333333333,438.85771438128427,-0.5458786666666672,4.806558263186295,-21.18266680856354,-5.3131844739401615,10.881663846084182,5.160029521760116,-15.184224131633457,-0.4294749694749694,-6.193411232786261,-8.554013852487762,0.9959494248011812,1,0,5,0,0,0,0,0,0,0.0,0.0,0.3938429600235147,-0.116065562799194,0.0,0.0,0.0,0.0,0.0,0.0,0.0,0.0,0.0,12.990104268152232,12.207932775496603,5.749511833283905,0.0,0.0,0.0,5.749511833283905,0.0,5.41499046939678,23.50322997176809,32.10410811463005,11.126902983393991,6.06636706846161,6.06636706846161,1.8752588157176453,0,1,0,0,0,1,0
0,0,131.76074240604672,0,0,0,30.54195011337869,-5.324263038548754,0.5873015873015875,-1.0453514739229028,-1.3664139266817832,-2.7976072373393737,-5.458136495338873,-5.119929453262786,-5.754483969513735,14.156462585033998,35.95464852607708,-81.0544217687075,22.24489795918369,43.68253968253968,-31.43990929705216,345.7267193685568,-0.1264496598639459,3.208391095929645,-19.09749865437692,-4.410808347789288,13.34149610039958,6.2106846940133416,-10.751961063871349,-0.5491354875283447,-5.503436715937178,-11.305047599376328,0.9959504601482796,1,0,3,0,0,0,0,0,0,0.0,0.0,1.8854360355253208,-0.032153525762157,0.0,0.0,0.0,0.0,0.0,0.0,0.0,0.0,0.0,12.990104268152232,0.0,11.532756779648844,0.0,0.0,0.0,5.749511833283905,0.0,5.41499046939678,29.286474918133024,32.10410811463005,17.54772460632,0.0,12.13273413692322,2.784829551419333,0,1,0,0,0,1,0
0,2,52.01127146006809,0,0,0,16.0,-4.587257617728536,-4.210526315789475,-7.445983379501387,9.41651277316097,-13.580178516466605,6.049861495844875,-3.842105263157896,-0.3410280086180364,-15.0,-76.0,22.0,-23.0,16.0,-16.0,364.3413797456191,-0.4329340720221658,-20.99432287121668,13.397965498125142,-15.978796114566563,11.850099319988798,18.189826847506907,-11.850199011803674,-0.3333333333333333,0.6438971972288402,-5.27749260254023,0.98720037295064,6,0,2,0,0,0,0,0,0,0.0,0.0,0.4000056689342399,0.0,0.0,0.0,0.0,0.0,0.0,0.0,0.0,0.0,0.0,13.847474399381248,13.213763929025836,0.0,0.0,0.0,0.0,0.0,0.0,25.29744558732176,0.0,25.93115605767717,0.0,0.0,13.847474399381248,0.0,0,0,0,0,0,0,0
0,0,50.0716388640528,0,0,0,-5.417769376181475,-0.6238185255198503,-0.7485822306238172,-0.3629489603024571,-0.8709304767905899,-20.910207939508503,16.80686830497794,-6.112161310649024,1.8147448015122865,-1.304347826086964,25.1625708884688,4.517958412098303,-58.27977315689981,-17.12665406427221,6.162570888468816,-29.136762809742724,-0.2145391304347866,-2.913398808404159,-5.681315303635399,-0.7229733729271894,-7.745119114405885,-2.563085701783982,-1.3206827227884776,-1.3565992923270804,-0.3627902806323367,-8.054336543195985,0.9880210082078672,2,0,0,0,1,0,0,0,1,0.0,0.0,0.0,0.0,0.0,0.0,0.0,0.0,0.0,0.0,0.0,0.0,0.0,0.0,12.170333456209914,0.0,0.0,0.0,0.0,0.0,5.687386274683562,5.969305287951849,17.857719730893475,0.0,0.0,31.18920547353706,0.0,-0.30787037037037,0,0,0,0,0,0,0
0,0,50.0716388640528,0,0,0,18.0,-0.4958677685950404,-0.4958677685950418,0.0495867768595037,-4.069329660238751,-24.692148760330586,31.06473829201101,1.170798898071626,-0.8140495867768583,-2.0,20.0,12.0,-68.0,18.0,14.0,28.07874413223765,-0.2443454545454567,-1.532845010912152,-2.5833541244976783,0.5573355584162613,-8.522726048637551,-1.6801635429507835,0.6867215704422985,-1.8285714285714283,2.040836431199959,-8.699676757549025,0.9880211909240604,2,0,0,0,0,0,0,0,1,0.0,0.0,0.0,0.0,0.0,0.0,0.0,0.0,0.0,0.0,0.0,0.0,0.0,0.0,12.170333456209914,5.749511833283905,0.0,0.0,0.0,5.749511833283905,0.0,11.718817121235755,12.170333456209914,0.0,24.26546827384644,6.923737199690624,0.0,-0.2217143801965222,0,0,0,0,0,0,0
0,0,115.37830709935253,0,0,0,-62.96539792387544,3.1799307958477527,-3.695501730103808,1.7543252595155685,2.919454056132256,-17.848712033833138,-9.71126489811611,-4.3665897731641685,-3.5778546712802792,15.619377162629744,27.719723183390983,29.858131487889267,-90.3044982698962,-56.19377162629757,-10.041522491349465,-322.53198166304327,0.2041065743944617,4.687043861635565,7.816352381178106,-3.7573382885351543,3.44019395519016,-3.576816324362672,-0.4581905662852751,-0.5372206116150753,2.763889496905701,-8.686111192056929,0.9879039246709012,3,0,1,0,0,0,1,0,1,0.0,0.0,0.0491723356009066,0.0,0.0,0.0,0.0,0.0,0.0,0.0,0.0,0.0,0.0,30.33183534230805,25.1728864400385,5.693927994848461,0.0,0.0,0.0,0.0,0.0,12.011146117099807,12.30080995936138,5.563451491696996,6.196843571613076,13.251057274455166,41.822672189790026,-0.3353878495842777,1,0,0,0,0,0,0
0,0,216.99298927711757,0,0,1,-6.887111581142908,-9.0785246876859,0.6543723973825091,-1.7679952409280202,-5.275094022227322,6.409732178890259,3.758170247984393,-8.05954277892339,-6.112949110897312,13.659131469363446,-21.417608566329587,-124.81261154074956,126.74063057703748,-80.7882212968471,59.92563950029745,-49.38987258122967,0.4152728732897074,16.90499728411364,-23.4672078412422,2.3019657247883805,-9.324950873299793,3.07509142826256,-2.941413529189568,-0.0704650842038117,-8.723692684077804,-6.33931064633674,0.7740038517017229,1,0,0,0,0,0,2,0,0,0.0,0.0,0.0,-0.658138818027211,0.0,10.018290081464684,0.0,0.0,0.0,0.0,0.0,10.360573363039524,0.0,54.06550936946379,12.613977718704849,18.069630618925864,0.0,0.0,0.0,6.069221312792274,0.0,0.0,12.965578028838586,22.570357920061326,6.3273200747645415,11.009123009909723,54.59730361615449,0.0,1,0,0,0,0,0,0
1,0,139.95411252138047,0,0,0,34.14876033057851,-5.363636363636366,-1.6776859504132224,-1.4545454545454546,-23.80614223038465,45.72242628303234,10.355371900826452,-4.1754412815018895,-22.902356902356903,-2.359963269054175,-16.46464646464646,-61.30762167125803,35.57208448117539,22.642791551882457,-58.909090909090914,104.6729112735912,-0.2467910927456381,-7.974792998064891,1.7658848897063826,-1.561765442761766,-4.726330816032645,-1.969331712227953,-1.6304898358090891,-0.7657603705034535,-2.020388377913182,-7.732284054284089,1.895307738037601,0,0,0,0,0,0,0,0,0,0.0,0.0,0.0,0.0,0.0,0.0,0.0,0.0,0.0,0.0,0.0,0.0,0.0,54.59730361615449,6.4208216229260096,0.0,5.783244946364939,0.0,0.0,11.126902983393991,0.0,18.62488819221696,5.563451491696996,11.126902983393991,0.0,12.13273413692322,42.46456947923127,-1.0867894562681717,0,0,0,0,0,0,0
0,0,69.49610144470255,0,0,3,-9.279578189300418,-1.1102230246251563e-15,-1.3333333333333326,0.8888888888888901,6.472083136198328,-1.802884144682808,-1.0586583977131252,0.1118626221707865,2.899339227273117,119.25,148.6875,-418.625,271.125,11.3125,-144.75,-368.345001583292,-1.0627625000000005,16.21164443792241,-12.769512583397566,-9.302040268177354,-3.975769830835429,-6.4257984980844425,1.4438665478491832,-1.573461974032603,-10.183160811813694,-8.713469275353326,0.3905590329080653,0,0,0,0,0,0,0,0,3,0.0,0.0,0.0,0.0,0.0,0.0,0.0,0.0,5.031807760141093,0.0,0.0,0.0,0.0,34.802819670697545,15.067899941223978,5.749511833283905,0.0,0.0,0.0,5.749511833283905,0.0,10.772145147025231,10.045266627482652,0.0,26.352329219478285,0.0,0.0,0.2806481481481486,0,0,0,0,0,0,0
1,0,102.5444758318402,0,0,2,-40.94599315923138,-3.423305588585015,-2.3329369797859707,1.505350772889415,-20.03626902275019,13.77971704670031,-14.24842894841623,-0.8838697698594105,-1.286935773870788,-6.390011890606414,21.91082045184306,-133.09036860879905,50.18906064209275,-98.46611177170033,119.2936979785969,-298.892606142437,-0.335257074910821,-12.216217432825893,-2.7256298452456464,5.541687596997783,-7.340612899157243,-10.966296572801385,-2.0957573072930047,-0.1267103589735376,-4.951254109666788,2.6183722559456237,0.7730851380765361,0,0,0,0,0,0,0,0,1,0.0,0.0,0.0,0.0,0.0,0.0,0.0,0.0,0.0,0.0,0.0,0.0,0.0,41.40098098584986,11.443454936667337,11.49902366656781,0.0,0.0,0.0,11.49902366656781,0.0,6.4208216229260096,27.10774178574746,0.0,0.0,42.46456947923127,0.0,-0.0173324514991171,0,0,0,0,0,0,0
0,0,367.027207392136,0,0,0,52.38191552647235,-0.2349791790600857,2.939321832242713,-1.7174301011302795,-11.093562033181303,-4.537609888294005,4.71361292881221,8.645316940974283,-6.156223147597329,16.180249851279022,-3.733491969066014,-10.615110053539553,-86.75371802498512,94.88042831647827,7.431290898274833,397.9347133776758,0.0639848304580588,-3.371420399379637,14.775501951937844,10.6658896615302,-15.539475559691706,-2.12944370535351,14.687443645816074,-1.5209696609161216,4.56149014777533,-5.543207510543907,0.9880175652024092,4,0,0,0,0,0,0,0,3,0.0,0.0,0.0,0.0,0.0,0.0,0.0,0.0,0.0,0.0,0.0,0.0,0.0,18.19910120538483,13.151638370425491,23.85541746436463,0.0,0.0,0.0,17.248535499851716,4.794537184071822,0.0,25.508032168222314,11.49902366656781,0.0,6.923737199690624,54.59730361615449,2.239883366296849,0,0,0,0,0,0,0
0,0,68.62223859675794,0,0,2,-7.079980963578841,-2.2426303854875287,3.662131519274376,1.9659863945578235,3.570200172737896,-6.786414672560079,-4.019018103608867,-3.403681688089552,-2.0817964741147184,-4.346938775510207,-10.367346938775512,161.4285714285714,-141.0204081632653,-42.36734693877548,38.38775510204082,4.151349378238718,-0.1761439909297058,1.1278770174671675,-11.081534559887691,-7.210924963686567,-4.45890762938741,4.0420261506068735,5.407931989111143,-0.2244935789909335,2.0241382520534885,-6.047166692865659,0.77290601364823,0,0,0,0,0,1,0,0,0,0.0,0.0,0.0,0.0,0.0,8.88276029856387,0.0,0.0,0.0,0.0,0.0,5.261891554738487,0.0,35.33461391738825,15.608718119179647,6.069221312792274,0.0,0.0,0.0,17.196124296186266,0.0,0.0,15.608718119179647,11.126902983393991,0.0,24.52642128014937,6.06636706846161,0.0,1,0,0,0,0,0,0
0,0,26.53469113969723,0,1,0,0.0,-3.5088757396449703,0.0,0.0,-11.200032873109798,15.772189349112429,0.0,0.0,0.0,-10.384615384615378,23.727810650887577,-42.10650887573964,21.81656804733727,0.0,0.0,0.0,-0.9649230769230772,-9.670352252968655,7.279648503687189,1.6163798504351063,0.0,0.0,0.0,-1.6411416637660976,-11.286803346045485,-9.443189610848592,2.966120702677882,0,0,0,0,1,1,1,0,0,0.0,0.0,0.0,0.0,0.0,0.0,0.0,0.0,0.0,0.0,0.0,4.9839785209472085,0.0,0.0,6.196843571613076,5.817862777835028,5.817220841045895,0.0,0.0,0.0,10.208277825509848,5.817862777835028,0.0,6.196843571613076,0.0,0.0,4.9839785209472085,-0.99574074074074,0,0,0,0,0,0,0
0,0,103.3169613494301,0,2,0,-46.625,4.291666666666665,-1.8333333333333304,7.562500000000001,2.3955319251543203,-39.07787181712962,-41.88958815586418,-19.644675925925924,5.273546006944446,0.625,37.875,47.4375,-72.9375,-3.25,-21.9375,-17.902556125978585,-0.5332777777777781,55.60121295718163,-26.444113567641484,-40.11942660431992,-21.134422995092923,-11.66087052903756,32.353067331465226,-0.6152777777777778,-1.0253055779203757,-4.037468481821563,2.778694438458265,0,0,0,0,0,1,0,0,2,0.0,0.0,0.0,-3.665128613945579,0.0,8.929616598954397,0.0,0.0,0.0,0.0,0.0,5.261891554738487,8.78083009534964,12.13273413692322,5.563451491696996,6.069221312792274,11.49902366656781,0.0,0.0,28.695147962754078,8.78083009534964,11.49902366656781,16.690354475090988,0.0,12.263210640074686,18.3295777085363,6.069221312792274,-0.096120559334845,1,1,1,1,0,0,1
0,0,209.47936519128325,0,1,0,54.96428571428571,-2.4065688775510123,1.2079081632653037,2.3829719387755066,38.97080498866213,-57.55109126984125,12.164930555555554,60.50673185941043,-16.930165816326525,0.8112244897959355,109.7091836734694,-5.204081632653019,-128.85714285714295,168.75510204081633,15.056122448979592,431.0714369754442,-0.7134703124999957,5.758725769145339,-30.318247478822546,-31.743223880230797,38.30019659710996,-2.450718965547828,9.644719746795976,-0.8324144173798554,-3.0114313580834144,-11.940301599613386,0.9950221376794413,3,1,3,0,0,0,0,0,0,0.0,0.0,-2.0636177248677265,-5.4676905654237,0.0,0.0,0.0,0.0,0.0,0.0,0.0,0.0,0.0,19.420578929450517,6.103966387748303,17.876692594242286,11.566489892729878,0.0,0.0,0.0,4.39041504767482,30.96361586130436,25.68328649170404,5.573104530069267,0.0,12.999757306524504,6.923737199690624,-1.3565770164496267,0,1,0,0,0,1,0
1,0,100.72257813410152,0,3,0,-38.92,-3.5155555555555567,-3.0,-8.026666666666667,8.82918209876545,-43.42201388888889,-45.17135802469136,-23.38020833333332,-51.68928240740741,-8.759999999999996,34.36,4.48,-55.32000000000002,17.6,37.760000000000005,-200.80173384335737,-0.6633359999999991,51.38467363667183,-45.17376541202714,30.590159601991,8.252950018134946,-41.88638053024004,-66.63252402905083,-0.7327272727272726,-6.541151948814027,-1.4994240468222857,2.7520276636577528,1,0,0,0,0,0,0,0,0,0.0,0.0,0.0,-4.440470403439154,0.0,0.0,0.0,0.0,0.0,0.0,0.0,13.17124514302446,0.0,18.19910120538483,16.814289258077554,0.0,0.0,0.0,0.0,0.0,24.546017692391587,16.93822404106412,0.0,12.13273413692322,24.26546827384644,12.13273413692322,0.0,-1.152707427878559,0,0,0,0,0,0,0
0,0,82.6535713938951,0,3,0,-53.69135802469136,-4.234567901234567,-6.80384087791495,-5.091906721536351,-0.7641460905349697,-16.791923868312754,-58.88005829903979,100.04698216735254,12.431755829903985,1.222222222222208,109.99999999999996,-47.5925925925926,33.07407407407409,139.50617283950618,38.69135802469136,83.63228506172612,-0.3391888888888892,68.50381500412065,-53.22848554090663,8.444149906570093,-18.25826093960919,28.904584919494795,-58.908771066444686,-0.7077514673143088,-15.111435724056909,5.635404306293896,0.9949485307681032,1,0,0,0,0,0,0,1,0,0.0,0.0,0.0,-4.403914635298564,0.0,0.0,0.0,0.0,0.0,0.0,0.0,13.17124514302446,0.0,6.06636706846161,5.563451491696996,0.0,0.0,0.0,0.0,0.0,23.653168601779846,5.687386274683562,0.0,12.13273413692322,31.12798783312808,0.0,0.0,0.0,0,0,0,0,0,0,0
0,0,62.34835197811464,0,0,0,4.134215500945176,-0.0982986767485811,2.667296786389413,1.6389413988657842,-0.8862108800672132,0.4069523209409794,-0.581495484141986,0.151281243436254,0.7071518588531827,9.451795841209822,-15.642722117202275,-34.31001890359167,-14.224952741020775,19.045368620037813,23.960302457466923,171.50538301702596,0.0463137996219241,-3.420695840976584,-7.502795107398805,-3.110662985298961,0.0103344285225825,4.164774694602915,5.239555260952059,-0.5810074502390747,-5.82952891382372,-10.413989101603091,1.989917802732844,0,0,0,0,0,0,0,0,0,0.0,0.0,0.0,0.0,0.0,0.0,0.0,0.0,0.0,0.0,0.0,0.0,0.0,48.53093654769288,0.0,0.0,0.0,0.0,0.0,11.126902983393991,0.0,0.0,0.0,6.4208216229260096,22.253805966787983,0.0,0.0,0.0,0,1,0,0,0,1,0
0,0,26.53469113969724,0,1,0,0.0,-3.875,0.0,0.0,-18.74305555555556,15.4375,0.0,0.0,0.0,-8.0,2.5,-25.75,17.75,0.0,0.0,0.0,-0.8558666666666668,-10.029929866701712,7.941162087374652,1.5124096166797785,0.0,0.0,0.0,-1.75,-4.851769813224581,-2.629561117876681,2.9559817965912107,0,0,0,0,0,2,0,0,0,0.0,0.0,0.0,0.0,0.0,0.0,0.0,0.0,0.0,0.0,0.0,4.39041504767482,0.0,0.0,0.0,0.0,0.0,5.817220841045895,5.559266895052007,0.0,4.39041504767482,0.0,6.196843571613076,0.0,0.0,4.9839785209472085,4.9839785209472085,-0.9911111111111108,0,0,0,0,0,0,0
1,0,97.19047881034388,0,1,0,-11.23204994797086,-3.8720083246618135,-4.838709677419354,-4.509885535900103,-11.744710371141174,-28.84876864377385,26.00578101514625,-5.806451612903224,6.562492773731068,-2.7575442247658573,15.930280957336103,-22.560874089490103,-10.83558792924038,-14.709677419354836,-8.033298647242459,-35.34559338001017,-0.2711605619146732,-5.106045369942717,-13.448998876766684,-7.755153249872166,26.99867858087896,6.718671713918024,-13.99454310275887,-0.6453225073646875,-2.90657227886739,-8.936213181538237,0.9939496430313246,1,0,1,0,0,0,0,0,0,0.0,0.0,-0.7043302259175277,0.0,0.0,0.0,0.0,0.0,0.0,0.0,0.0,0.0,0.0,42.46456947923127,5.917906046161393,5.817220841045895,0.0,0.0,0.0,11.126902983393991,4.39041504767482,0.0,11.126902983393991,5.563451491696996,6.06636706846161,19.056471336613843,30.33183534230805,-2.057421789703535,0,0,0,0,0,0,0
2,0,1853.9240549554784,0,0,0,-32.27950788158401,-7.148788927335636,1.89273356401384,-0.5294117647058828,-43.59332948865821,-2.364763552479813,47.42887351018839,1.7546136101499454,-19.606209150326794,-18.20569011918492,44.07689350249905,-83.601691657055,18.55478662053057,-55.14763552479817,12.699346405228756,-139.60760750252524,-1.7750911572472117,-10.846444292444042,1.3409442264337903,-12.950636909300314,19.938258679439567,-7.939161315506983,-14.048090281842208,-0.503476498608749,-2.3894987719490883,-2.0298674992070107,1.893164862165066,1,0,1,2,1,1,3,0,0,0.0,0.0,-1.3093798120390625,0.0,0.0,0.0,0.0,0.0,0.0,0.0,0.0,4.9839785209472085,0.0,0.0,18.43552797237411,6.041840829147961,11.16387793838399,5.948339280986494,11.466446624403511,0.0,11.635725555670057,42.06206836283207,11.381314269532025,0.0,18.3295777085363,12.13273413692322,0.0,-3.155342352617222,0,0,0,0,1,0,0
0,0,40.62505728059382,0,0,6,0.0,-8.000000000000002,0.0,0.0,-0.0343443580754965,0.0343443580754965,0.0,0.0,0.0,0.0,-402.0,-12.0,12.0,0.0,0.0,0.0,6.869504964868156e-16,-8.77981345831799,-5.4552839312429935,5.4552839312429935,0.0,0.0,0.0,-1.603655480014115e-16,-1.1275453662449657,-2.960594732333751e-15,0.7709252838250505,0,0,6,0,0,0,0,0,0,0.0,0.0,-2.620370370370371,0.0,0.0,0.0,0.0,0.0,0.0,0.0,0.0,0.0,69.60563934139509,0.0,32.26252720923436,0.0,0.0,0.0,0.0,0.0,0.0,0.0,0.0,0.0,0.0,0.0,0.0,0.0,0,0,0,0,0,0,0
0,0,354.1120303918203,0,0,1,-23.74620916210964,-1.537047052460786,-7.916711736073554,-2.2374256354786395,11.198098260621766,-0.9865608881298604,8.13050418632348,0.1905220253181685,-4.677000111035191,-7.174148188209848,-31.286641427798816,-39.94050838290969,-6.854515954570046,-78.3829096809086,-4.610059491617099,-618.7430166929812,-0.7167844780962701,-14.087541872606144,-12.200814251629383,13.452795042952534,-5.2429805656830135,-23.624553407018716,-1.0304682872733386,-0.4211302071857326,-0.4237818567298051,1.978296876143251,0.7740040652826883,2,0,1,2,0,0,1,0,1,0.0,0.0,-1.1037395490219757,0.0,0.0,0.0,0.0,0.0,0.0,0.0,0.0,0.0,0.0,23.733674027155736,23.37442044850974,12.71084835226122,0.0,0.0,0.0,0.0,11.374772549367124,6.606881964512918,16.273471080121883,16.590311206764618,0.0,48.66141305084435,6.06636706846161,-0.5953647014361294,0,0,0,0,1,0,0
0,0,82.95155699045667,0,0,0,13.407908428720082,-1.7502601456815785,4.266389177939645,1.6295525494276788,-11.895833333333332,-18.20833333333333,2.583333333333334,-13.583333333333332,-3.125,4.614984391259128,31.40894901144642,7.908428720083234,-83.26222684703437,3.720083246618096,25.182101977107177,255.8036949405111,-0.0680527575442275,0.2654613188901642,-4.835558545781334,-5.741297577690608,-3.8194808306295935,7.771440506345696,4.579112841794711,-0.7893666965128375,0.3418059676301463,-12.38728425794035,0.9880055132908998,1,0,0,0,0,0,0,0,0,0.0,0.0,0.0,-0.5186805555555556,0.0,0.0,0.0,0.0,0.0,0.0,0.0,0.0,0.0,37.255572541998674,5.41499046939678,0.0,0.0,11.814359458703011,0.0,0.0,0.0,11.814359458703011,12.84164324585202,11.984273114623004,0.0,0.0,37.255572541998674,-0.317170256991685,0,0,0,0,0,0,0
0,0,176.67259765707854,0,0,1,-179.27612899435226,15.226055919095774,-14.13503866745985,1.500297441998807,-11.831840286476412,-38.440215739292285,-13.534752018557196,9.763120106045497,-8.653905573023074,16.671029149315864,144.1576442593694,135.87923854848302,-207.59250446163,-388.5348007138608,-159.65913146936342,-1293.4817907158538,0.0,23.71696093941756,-3.653903757590496,-15.265917376038226,-11.344920982928128,-22.48994938658109,-3.0473428450873827,-0.1788737145967714,2.493647581875224,-3.750420725073826,0.7739960447009884,1,1,1,0,0,0,0,0,4,0.0,0.0,-0.4197984378936761,-1.4223431594860163,0.0,0.0,0.0,0.0,0.0,0.0,0.0,0.0,0.0,18.524677089923134,21.3293926238326,22.08510847200613,17.29192165130502,11.384295757348628,0.0,17.248535499851716,0.0,40.08207302603429,11.49902366656781,0.0,33.47177979912809,6.923737199690624,0.0,0.10687649596876,0,1,1,1,0,0,1
0,0,75.45186234068515,0,0,0,16.586734693877556,-1.5,-2.75,2.5,14.812925170068022,-7.18707482993197,10.986961451247168,7.13265306122449,-13.148526077097506,-2.285714285714281,-35.030612244897945,8.811224489795928,-75.79591836734691,19.92346938775509,-52.17346938775512,-49.913479943710925,-0.4526285714285739,-0.7706288918164288,0.1543330038213985,-2.4173910202857884,-17.65926290506893,-4.586615069617256,-5.023216293318812,-1.0376395841355412,-1.831966335539192,-1.8300376983651587,0.9975758387029872,2,0,1,0,0,0,0,0,2,0.0,0.0,-0.8611923658352232,0.0,0.0,0.0,0.0,0.0,0.0,0.0,0.0,0.0,0.0,12.13273413692322,13.716679505790452,12.71084835226122,11.49902366656781,0.0,0.0,11.49902366656781,0.0,13.213763929025836,11.49902366656781,0.0,0.0,19.242531678200752,12.13273413692322,1.166796107331822,0,0,0,0,0,0,0
0,0,41.10459273922059,0,0,0,0.359375,-0.1484375,2.640625,0.0,-14.498263888888893,-16.135850694444446,-2.9448784722222205,6.04340277777778,0.0,-9.734375,23.40625,-34.5625,-69.140625,60.0625,0.0,281.7044878214736,-1.0656746093750007,10.608528712696854,-7.944163390409202,-1.690149552769376,0.9290411421123383,0.7640558360832628,0.0,-0.5278532608695652,-4.634990204292374,-7.0925998528863445,2.9666609830085395,0,0,0,2,1,2,2,0,0,0.0,0.0,0.0,0.0,0.0,0.0,0.0,0.0,0.0,0.0,0.0,4.9839785209472085,0.0,0.0,6.3273200747645415,0.0,11.16387793838399,5.948339280986494,5.559266895052007,0.0,5.948339280986494,11.5076061760385,11.16387793838399,0.0,6.3273200747645415,0.0,0.0,0.0783333333333335,1,0,0,1,0,0,0
0,1,697.0166919844415,0,1,1,49.90645358672569,-13.134110787172013,-0.1374427321949195,-0.0758017492711373,-9.191494939427582,1.0104338757329456,42.25942545023758,-20.86125201716046,-30.757469512398337,5.513536026655598,8.416909620991296,-142.0283215326947,151.30987088713027,-128.6359850062474,-255.19825072886297,183.1794160239788,-0.1571179092044982,-9.057431048021275,-6.652372259721326,-13.019604135620035,-13.232504231936076,10.232572829760455,2.4918519990763803,-0.3139142126994411,-4.392963469588596,-8.152846660885523,0.774002152473794,3,0,0,0,0,0,0,1,0,0.0,0.0,0.0,-0.8005754945035282,0.0,0.0,0.0,0.0,0.0,0.0,0.0,0.0,0.0,23.733674027155736,5.601050810983688,5.817220841045895,5.783244946364939,0.0,0.0,0.0,4.39041504767482,11.600465787410831,29.84854967421635,31.61854233236073,24.26546827384644,0.0,24.26546827384644,-0.2891484237246509,0,0,0,0,0,0,0
0,0,113.14215605063,0,0,0,-65.88271604938271,3.740740740740741,7.333333333333336,3.703703703703705,-3.903329689643345,-53.13611325445819,-28.937103480795614,-45.67785493827162,-6.506012088477368,4.299382716049369,56.712962962962976,131.01543209876542,-161.45679012345678,-108.66666666666664,96.31481481481482,41.09178472901499,-0.1933036265432114,9.076064317644768,-6.821700303075232,4.465439251226881,-18.474156851643567,17.654130681974312,7.665396334743301,-0.1853267640729414,6.29024523763703,-11.322101733444194,0.9880047697194428,1,1,0,0,0,0,0,0,0,0.0,0.0,0.0,-1.182291666666666,0.0,0.0,0.0,0.0,0.0,0.0,0.0,0.0,0.0,19.420578929450517,0.0,5.41499046939678,0.0,11.814359458703011,0.0,0.0,4.794537184071822,0.0,6.4208216229260096,37.67721264469931,0.0,6.923737199690624,6.076020106833881,-0.9594444444444434,0,0,0,0,0,0,0
0,0,83.201614352491,0,0,0,-28.396449704142015,-4.585798816568047,2.5857988165680466,0.7988165680473372,-26.02573348126234,-15.432764217619988,-26.69459853714663,-13.783325115055888,-8.68542488494412,-0.928994082840256,47.96449704142007,-31.514792899408302,7.189349112426068,5.958579881656824,-1.1893491124260311,242.3750154762256,-0.3542744082840242,15.196617226654782,-24.59243656708459,-10.807243609907951,-1.0320783528912307,6.8239829419475,0.7523880293611969,-0.2615384615384615,-6.18181024334068,-10.614857784694642,0.9959609551278694,1,0,0,0,0,0,0,0,0,0.0,0.0,0.0,-1.352013888888889,0.0,0.0,0.0,0.0,0.0,0.0,0.0,0.0,0.0,30.33183534230805,0.0,0.0,5.41499046939678,11.814359458703011,0.0,0.0,4.794537184071822,0.0,5.563451491696996,0.0,6.923737199690624,30.33183534230805,0.0,-1.208425925925925,0,0,0,0,0,0,0
0,1,326.8954751587884,2,0,0,-51.79360000000001,13.28,-24.26,-11.74,-20.363333333333333,13.424166666666668,-15.500763888888894,-24.915,1.3719444444444444,33.945600000000006,116.89280000000002,-125.85119999999998,-0.7552000000000127,-106.83360000000002,-37.6944,-668.8421994362104,0.2425053600000024,18.78080049920556,23.422331377274038,-13.908814891200452,-6.258727575944155,-16.70973694501355,-24.87208228716233,-0.0201116279069767,0.0194506397476044,-5.655025625924436,0.9950307752109332,3,2,4,0,0,0,0,1,3,0.0,0.0,-0.058812883177964,-0.2449215797430084,0.0,0.0,0.0,0.0,0.0,0.0,0.0,0.0,0.0,12.142387175295491,0.0,6.103966387748303,17.602990054316113,0.0,0.0,11.49902366656781,0.0,29.37547347921017,17.54086449571577,24.94985114346159,19.410925891078243,0.0,12.142387175295491,0.7119367808851942,0,1,1,0,0,1,1
0,0,40.62505728059382,0,0,6,0.0,-6.0,0.0,0.0,-0.0772748056698672,0.0772748056698676,0.0,0.0,0.0,0.0,-181.5,-90.75,90.75,0.0,0.0,0.0,4.163336342344337e-17,-4.3724635933500124,-2.186231796674988,2.1862317966750062,0.0,0.0,0.0,7.771561172376097e-16,-0.1248587301353904,-4.949744318120491e-15,0.772720446575875,0,0,0,0,0,0,0,0,0,0.0,0.0,0.0,0.0,0.0,0.0,0.0,0.0,0.0,0.0,0.0,0.0,0.0,69.60563934139509,30.13579988244796,0.0,0.0,0.0,0.0,0.0,0.0,30.13579988244796,0.0,0.0,0.0,0.0,0.0,0.0,0,0,0,0,0,0,0
0,0,207.5412345831032,0,0,0,-38.77574872169465,1.7012417823228645,-5.673484295105917,-2.8553688823959105,-3.204133187241289,-37.20865290966641,-16.931154127100072,-28.176558315071823,-15.071204650596538,-0.0540540540540748,64.24908692476258,120.8487947406866,-109.36011687363036,-53.46822498173848,-76.09203798392986,-53.35792096839272,-0.1655405405405415,3.8227117523904015,-21.780130209856782,8.033125686307478,-1.5349678992639808,0.5790976624113237,-11.940475140109044,0.0193930019049253,3.1982290228576944,-6.086133355380332,0.987180774998351,2,0,0,0,0,0,0,0,0,0.0,0.0,0.0,-1.053917233560091,0.0,0.0,0.0,0.0,0.0,0.0,0.0,0.0,0.0,39.53076089108528,0.0,5.41499046939678,0.0,11.814359458703011,0.0,0.0,4.794537184071822,0.0,12.84164324585202,25.68328649170404,0.0,6.923737199690624,0.0,-0.9069472789115642,0,0,0,0,0,0,0
0,0,76.74442535331174,0,0,1,101.1111111111111,-1.2080000000000015,1.6719999999999997,5.4112,-28.971919798811147,-66.09103636640755,124.17359423868304,-58.314197835695786,-19.95377704618198,74.72639999999998,-106.71200000000002,-111.3088,161.49439999999998,-262.712,55.6768,-300.5642084835407,-0.8982639999999991,20.899039620434703,-18.246806085097838,-32.47013997840906,11.772087011373715,5.210980928535442,5.893731825267121,-0.9707602339181288,-1.5819476898157283,-11.121112242320011,0.6418773402189707,0,0,0,0,1,0,0,0,0,0.0,0.0,0.0,0.0,0.0,0.0,0.0,0.0,0.0,0.0,0.0,4.722094864452088,0.0,11.600939890232516,17.37871077732403,9.79096695103555,0.0,20.046582306815168,0.0,0.0,5.687386274683562,22.27419425284181,0.0,6.06636706846161,6.06636706846161,0.0,0.0,0.0,0,0,0,0,1,0,1
0,0,199.44843088048373,0,0,0,13.75,-2.08163265306122,2.081632653061221,2.183673469387752,25.008188952664387,-21.481398809523814,-30.888501364087297,27.040134282879816,-34.29669563137755,3.75,78.75,-82.0,-86.0,113.0,8.75,340.7834666771887,-0.6110294961734637,14.748394248026417,-14.08811402799352,-26.754684668384208,29.35680488181354,0.2610253011577965,3.4258000631768013,-0.4354838709677419,-4.125620716162191,-10.765837795048611,0.995021063305422,3,1,4,0,0,0,0,0,0,0.0,0.0,-0.1467162698412707,-2.410073761757789,0.0,0.0,0.0,0.0,0.0,0.0,0.0,0.0,0.0,19.420578929450517,6.103966387748303,12.207932775496603,11.566489892729878,0.0,0.0,0.0,0.0,28.951953554245897,19.26246486877803,25.68328649170404,5.573104530069267,6.076020106833881,6.923737199690624,0.139946509627471,0,1,0,0,0,1,0
0,0,97.9183156602353,0,3,0,-39.14739229024944,1.413265306122446,6.678571428571432,7.688775510204085,-31.31474570280789,41.61684172125641,-35.731873079735976,-8.055297588428335,-44.25046289735032,80.0,-76.0,-165.0,224.0,-255.0,5.0,-251.14986207802096,-1.2277749999999965,75.13745687907986,-32.38768033934026,4.497759907159146,-46.195946637926816,33.929255529608255,5.622385264860064,-1.178086693614644,-2.1119961989065423,-9.72059559996705,0.6418805245763811,1,0,0,0,1,0,0,0,0,0.0,0.0,0.0,-4.992935563114136,0.0,0.0,0.0,0.0,0.0,0.0,0.0,17.893340007476546,0.0,0.0,22.815012430797477,4.895483475517775,0.0,20.046582306815168,0.0,0.0,18.858631417708025,12.356077463582704,12.13273413692322,0.0,0.0,0.0,4.722094864452088,0.0,0,0,0,0,1,0,1
0,1,227.14396599455216,2,0,0,-48.53719008264464,-4.168388429752063,-3.700413223140496,-7.322830578512396,-6.409722222222226,-12.19444444444444,-15.812499999999984,-25.944444444444443,-8.020833333333334,16.77685950413222,-22.595041322314035,-79.6776859504132,151.23966942148758,-114.19008264462808,-48.66115702479341,-356.5077187757669,0.0199389462809908,-1.8053899123105352,2.4900862408181714,24.47760977165789,-0.4494109946047939,-2.194887500824468,-7.133292648506131,0.3115066751430388,-3.0226106504705585,-9.75621407514156,0.9969652110575768,1,0,4,0,0,0,0,1,1,0.0,0.0,0.5316435710086493,0.0,0.0,0.0,0.0,0.0,0.0,0.0,0.0,0.0,0.0,30.33183534230805,6.606881964512918,12.021872433909696,0.0,0.0,0.0,0.0,0.0,18.68015364021307,12.08368165829592,18.40509473754901,12.84164324585202,0.0,30.33183534230805,-0.8600349584278157,0,1,1,0,0,0,1
0,0,35.990740492855934,0,0,0,27.0,-0.9591836734693884,0.0,0.0,-3.2074829931972806,-4.943877551020408,4.423469387755103,0.0,0.0,-3.0,-12.0,8.0,-36.0,0.0,0.0,0.0,-0.6367729591836744,8.389014667754996,-8.061346175601992,-0.8093358404799982,0.9621550271999976,0.0,0.0,-2.176470588235294,-5.395404942867555,-9.624010629029907,2.966038605174373,0,0,0,2,0,2,2,0,0,0.0,0.0,0.0,0.0,0.0,0.0,0.0,0.0,0.0,0.0,0.0,0.0,0.0,0.0,12.654640149529085,0.0,11.16387793838399,0.0,5.559266895052007,0.0,0.0,5.559266895052007,11.16387793838399,0.0,12.654640149529085,0.0,0.0,0.0,1,0,0,1,0,0,0
1,0,69.53193405049957,0,0,0,-5.8778696051423305,-4.47107438016529,-4.966942148760331,-6.776859504132231,-4.043490460157126,-3.245765738189981,-6.829175594327105,4.9307978777675805,-11.1410060197939,-4.787878787878794,43.30394857667583,-70.71717171717174,-51.227731864095496,43.04866850321396,-40.15886134067952,122.663523394628,-0.1895969696969721,4.3440623949144594,-16.35992627199008,-15.36583842550254,-3.150147490214225,-1.9540725017937812,-3.5037096234032186,-0.1836547291092745,-8.337534177515032,1.466652535433081,0.9886203587685158,3,0,2,0,0,0,0,0,0,0.0,0.0,0.2137474279835387,0.0,0.0,0.0,0.0,0.0,0.0,0.0,0.0,0.0,0.0,38.112942673227685,5.917906046161393,0.0,0.0,0.0,0.0,0.0,0.0,0.0,5.917906046161393,11.984273114623004,5.563451491696996,6.923737199690624,24.26546827384644,-0.5579103678508441,0,0,0,0,0,0,0
0,0,95.78348867679142,0,0,0,-117.3125,2.25,2.25,3.5,-14.258138020833336,-15.12510172526042,-47.22694905598959,-25.64894612630209,-9.753295898437498,-1.0,58.8125,76.0,-59.4375,-64.9375,11.625,2.1600151415458555,-0.2235625000000007,5.627470556304141,-23.65556000485036,-12.69501164558331,-4.052909762831338,9.70322975544617,-1.247458612277692,0.2004310344827586,1.1782831622485783,-0.8844662230843607,0.9879399094129706,1,1,0,0,0,0,0,0,0,3.550878684807256,0.0,0.0,-1.1610416666666667,0.0,0.0,0.0,0.0,0.0,0.0,0.0,0.0,6.578935683598497,25.841400552376523,0.0,5.41499046939678,0.0,11.814359458703011,0.0,0.0,4.794537184071822,6.4208216229260096,6.4208216229260096,12.84164324585202,6.076020106833881,0.0,6.923737199690624,-1.037777777777777,0,0,0,0,0,0,0
0,0,159.7176352302932,0,0,1,-12.759197530864194,-2.619999999999997,7.199999999999998,-8.470000000000002,-9.290572517765966,-17.266000681108057,44.64554785141365,-16.72394553278844,0.9921034033969668,84.125,15.0,47.9375,20.0,-13.375,142.1875,-57.39527597861585,-0.143344499999998,-7.467731381359429,-19.77053699049997,-20.19008664419719,18.468944080894264,27.182825517717024,1.8316217416323064,-0.4545061728395061,-3.0153846569697142,-6.202564598079615,0.6420910782364572,1,0,1,0,1,0,0,1,0,0.0,0.0,0.0938534536757087,0.0,0.0,0.0,0.0,0.0,0.0,0.0,0.0,0.0,0.0,29.800041095617345,16.75186041757285,4.895483475517775,0.0,10.023291153407584,5.907179729351506,0.0,5.687386274683562,21.52340911010406,0.0,17.671659389306566,18.19910120538483,5.008912523954532,31.18920547353706,-0.4304446963970767,0,1,1,1,0,0,1
1,0,242.15434794016852,0,0,1,-110.26444429755948,4.545508625817966,-6.605591909577631,0.0249851279000578,-20.163154620605727,-11.86006478260441,-50.93787048212081,70.62882425588953,9.742016282286013,3.0636525877454157,90.85722784057116,-163.2629387269482,74.3491969066032,66.07971445568111,188.06365258774537,-308.7463225622843,-0.2471706722189168,4.331462441612982,1.510572269183784,1.9207292950342036,-11.261727366474624,0.0504514290449762,-19.54281130014352,-0.3116801703385653,-2.6693295854748977,-10.02884060007961,0.7739976830866719,1,0,0,2,0,0,0,0,1,0.0,0.0,0.0,0.0,0.0,0.0,0.0,0.0,0.0,0.0,0.0,0.0,0.0,11.600939890232516,19.047319881819803,5.749511833283905,0.0,0.0,5.907179729351506,5.749511833283905,0.0,12.328001352277514,38.49590105734874,0.0,4.567099647791355,56.49810422019942,0.0,-0.5832270646754762,1,0,0,1,0,0,0
1,0,180.45007084641117,0,0,0,-22.148148148148145,-3.802469135802468,-4.215277777777779,-4.601851851851852,-6.806841563786006,-11.827396262002743,-20.559670781893004,3.000192901234572,-1.2898662551440303,4.6913580246913895,29.67901234567905,-35.18518518518516,22.827160493827137,-19.66666666666667,19.037037037037024,-245.27751657546247,-0.1961952160493831,2.3193123979080976,-19.30827542588637,7.22914815311552,8.003362340160903,7.059149532433478,-10.508354348878232,-0.7827160493827162,-5.315116153108948,-9.754386383849043,0.993948349819492,2,0,1,0,0,0,0,1,0,0.0,0.0,-0.5504381351305958,0.0,0.0,0.0,0.0,0.0,0.0,0.0,0.0,0.0,0.0,30.33183534230805,12.462662452073968,0.0,0.0,0.0,5.907179729351506,0.0,5.687386274683562,5.907179729351506,6.544756405912575,22.37774074977455,0.0,36.08911520438754,24.26546827384644,-1.4142926844112809,0,1,1,1,0,0,1
1,0,164.20200196399466,0,0,0,-48.98814814814815,4.11328125,-9.0634765625,1.0048828125,-50.71510902488426,-1.2897411730324144,-39.50842816666667,36.5920819982639,1.327296860532421,-38.0,155.0,-762.0,-1355.0,-2277.0,-344.0,-1720.1998172089295,-0.7453437500000003,16.327075336025615,27.40969583818967,-11.893129007134394,-33.51863819475548,-32.080040764635186,13.379704001414837,0.2969934640522875,12.89883941681942,2.4990718763037325,0.1514629627844913,3,0,0,0,0,0,0,0,0,0.0,0.0,0.0,0.0,0.0,0.0,0.0,0.0,0.0,0.0,0.0,0.0,0.0,0.0,14.821020037445956,0.0,0.0,11.814359458703011,0.0,0.0,5.687386274683562,23.92256735631258,18.39120230851135,3.5701822710653963,13.847474399381248,0.0,67.77261188120417,-1.5668192827748368,0,0,0,0,0,0,0
1,0,93.4017112221021,0,0,0,-3.428622010833664,-2.334126040428064,-4.426872770511293,4.588585017835912,-8.656605205443256,-17.618212433522704,-4.564734823270356,18.01056445043378,-22.4820474419342,-31.86206896551734,178.644470868014,-574.9560047562426,-321.9619500594531,-2739.0214030915586,-174.41617122473252,-1697.9370514581217,-0.5513275862068968,7.29015687028976,-5.050053371764325,10.003272589373353,-35.85997733721688,-22.26732523756944,11.46237747747186,-0.5759087257946764,6.777309838526787,-2.8145964684022435,0.1514618781992789,1,0,1,0,1,0,0,0,0,0.0,0.0,-0.3365803476946338,0.0,0.0,0.0,0.0,0.0,0.0,0.0,0.0,0.0,0.0,6.923737199690624,11.605292320844956,0.0,0.0,0.0,0.0,0.0,5.687386274683562,5.917906046161393,12.84164324585202,21.961384579576745,0.0,0.0,12.990104268152232,-1.076190136054422,0,0,0,0,0,0,0
0,0,150.79775048400225,0,0,2,-64.8717160066641,3.309688581314877,-4.026816608996539,-2.718858131487889,-24.13104606806815,-28.294430125798407,-10.417756386828117,-41.23073772934226,-27.688726874595563,2.0,131.0,-174.0,-220.0,-207.0,71.0,81.05601087581526,-0.2409736159169562,13.499094993665448,-4.954935291681503,18.15875179250076,-33.67280955476927,15.82880047976036,1.391471418491239,0.6532805646051564,-2.5186459357611093,12.763423800617876,0.7730833712270185,3,0,1,0,0,0,0,2,0,0.0,0.0,-0.1434572100445119,0.0,0.0,0.0,0.0,0.0,0.0,0.0,0.0,0.0,0.0,23.20187978046503,5.687386274683562,6.544756405912575,0.0,0.0,5.907179729351506,0.0,15.276460642827209,18.2739835097441,10.045266627482652,9.799819461700956,18.19910120538483,13.847474399381248,0.0,-0.5164449483497096,0,1,1,0,0,0,0
0,0,150.65249658806667,0,0,0,-36.61777777777778,-4.044444444444443,0.4411111111111114,-0.2655555555555556,3.633209876543208,-6.344444444444446,-13.320864197530865,-5.376913580246914,-5.349876543209877,10.271111111111114,11.755555555555574,-58.87111111111111,-12.800000000000011,-2.035555555555553,-19.062222222222218,289.2836514768217,0.4798111111111084,-12.689289341520622,-12.813589547062437,-8.178076710075437,8.803407364139566,9.701478805777407,-3.5734258726080834,0.0078927203065133,-9.05829578066319,-3.795220322033833,0.99595293694514,2,0,0,0,0,0,1,0,0,0.0,0.0,0.0,0.0,0.0,0.0,0.0,4.81162737259734,0.0,0.0,0.0,0.0,0.0,35.4884985994335,0.0,5.760247418874442,5.693927994848461,0.0,5.907179729351506,0.0,0.0,11.601107724199966,12.305003824787018,5.563451491696996,0.0,12.990104268152232,30.33183534230805,0.301843052163218,1,0,0,0,0,0,0
0,0,41.1045927392206,0,0,0,6.828125,-0.1484375,0.0,0.0,-12.032986111111112,-12.01605902777778,-7.195746527777777,0.0,0.0,-9.734375,24.40625,-28.9375,-48.453125,0.0,0.0,0.0,-1.0656746093750005,7.609564222696854,-9.54833181841232,0.7761530880058849,0.972208330174204,0.0,0.0,-0.534375,-7.568999893492274,-7.860560009004456,2.966677870567654,0,0,0,2,1,2,2,0,0,0.0,0.0,0.0,0.0,0.0,0.0,0.0,0.0,0.0,0.0,0.0,4.9839785209472085,0.0,0.0,6.3273200747645415,11.33456349545129,5.647177220767728,0.0,0.0,0.0,5.817862777835028,5.817862777835028,11.16387793838399,0.0,6.3273200747645415,0.0,0.0,0.2615740740740744,1,0,0,1,0,0,0
0,0,33.96831842298378,0,0,0,15.657439446366784,-2.055363321799307,0.899653979238754,0.0,8.288638985005766,-5.770569011918495,3.5728565936178427,2.40657439446367,0.0,-5.176470588235295,-18.96885813148789,4.664359861591693,-24.716262975778548,23.979238754325262,0.0,194.33291808596195,-0.2614294117647063,4.092538325824068,-8.514802148523366,-1.5352087829197605,3.8744493870935486,3.838467754052024,0.0,-1.7234602076124568,-4.10400188694577,-16.730261749949765,2.820573895447259,0,0,0,0,1,0,1,0,0,0.0,0.0,0.0,0.0,0.0,0.0,0.0,0.0,0.0,0.0,0.0,0.0,0.0,0.0,0.0,0.0,0.0,0.0,5.907179729351506,0.0,0.0,5.907179729351506,5.563451491696996,0.0,12.393687143226153,12.13273413692322,5.425791397110385,4.5807785336356766,0,0,0,0,0,0,0
0,0,42.53262124551696,0,0,0,11.809917355371898,-0.4876033057851231,1.7851239669421484,0.0,-38.05555555555553,-89.02777777777777,12.58333333333334,-33.83333333333335,0.0,-2.363636363636363,72.0495867768595,-47.66115702479338,-284.78512396694214,-72.49586776859503,0.0,-91.65454688955928,-0.3563636363636379,6.764452959026494,-15.671866891988774,19.051602407359496,-3.284649026421645,2.6609566090725814,0.0,0.5806550352004898,-5.388871959467438,2.263583813058649,0.9889422623616247,2,0,2,0,0,0,0,0,0,0.0,0.0,-0.8464814814814821,0.0,0.0,0.0,0.0,0.0,0.0,0.0,0.0,0.0,0.0,13.847474399381248,0.0,5.917906046161393,0.0,11.814359458703011,0.0,0.0,4.794537184071822,5.917906046161393,0.0,0.0,0.0,13.847474399381248,10.633577208012662,-1.876574074074075,0,0,0,0,0,0,0
0,0,65.98460449169636,0,0,0,-30.910927456382,-5.314049586776862,-2.363636363636364,-7.603305785123967,0.5091062136516706,2.3005050505050493,-5.347617590041831,-4.638608305274974,6.688297112539535,5.424242424242422,65.33057851239668,-70.44352617079892,35.75757575757576,-47.26262626262626,65.01836547291093,-304.84147501566434,0.0916151515151499,28.759294500959346,-27.63062597412036,-6.547205690673823,-12.565522832360182,-1.258002196452828,-4.4484689228594965,-0.4028309704584648,-11.532278945504896,-1.9093175513645757,0.9884324862841058,2,0,1,0,0,0,0,1,0,0.0,0.0,0.5172224846728816,0.0,0.0,0.0,0.0,0.0,0.0,0.0,0.0,0.0,0.0,25.980208536304467,0.0,0.0,0.0,0.0,0.0,0.0,10.481923458755384,6.031114512338072,5.917906046161393,5.687386274683562,10.463361222547473,14.09534396535438,24.26546827384644,0.5172224846728816,0,0,0,0,0,0,0
1,0,103.39582891586392,0,0,0,-29.143250688705237,-4.909090909090912,-2.8512396694214868,-3.3553719008264458,-1.7427813488419543,-21.80144883175187,-15.440771349862258,31.42832364044486,5.3210896847260525,-2.359963269054176,8.535353535353538,-11.39853076216712,-7.053259871441689,-19.20293847566575,-5.209366391184577,-178.60620450128965,-0.2467910927456381,-2.507880309615896,-11.626122951283698,2.382390333578896,-8.409245073817875,2.349650478719967,-14.029545042577253,-0.7429935720844812,-3.703058092993357,-4.55466574701529,0.9939492313239208,1,0,1,0,0,0,0,0,0,0.0,0.0,-0.6217376333249351,0.0,0.0,0.0,0.0,0.0,0.0,0.0,0.0,0.0,0.0,48.53093654769288,5.917906046161393,0.0,5.783244946364939,0.0,0.0,0.0,0.0,5.783244946364939,16.690354475090988,0.0,0.0,55.4546737473835,6.06636706846161,-1.6177109053497936,0,0,0,0,0,0,0
0,0,107.70077181323988,0,0,0,-213.7596253902185,14.437044745057229,3.015608740894902,13.713839750260144,-10.535900104058271,-12.076049254249051,-20.53572667360389,-26.172852352873157,8.020811654526538,18.10613943808536,96.46722164412074,13.218522372528668,-195.98543184183137,-157.74713839750262,39.880332986472375,-171.4335986093542,-0.0285796045785676,18.87206563878039,1.977791417366089,-18.38304304232601,-26.966753871058145,13.145492723283809,-12.655750824689038,0.2922756743776514,2.466455402824484,-4.172477068932429,0.995389621599167,1,0,0,4,0,0,0,0,2,0.0,0.0,0.0,0.0,0.0,0.0,0.0,11.022712585034014,0.0,0.0,0.0,0.0,0.0,0.0,25.86898229265892,16.895983466623143,16.594830675185023,5.749511833283905,0.0,11.49902366656781,0.0,5.428790391900541,39.19775979765633,0.0,26.549125146655733,12.990104268152232,0.0,1.341351095993954,1,0,0,0,0,1,0
1,1,60.01959674807284,0,0,0,-3.543999999999999,-7.649600000000003,-1.6799999999999986,2.1504000000000008,11.289155555555553,-0.8303999999999956,-25.264888888888887,20.276666666666664,13.210933333333331,-25.28000000000001,13.598399999999987,-56.97760000000001,51.24640000000001,26.960000000000004,-11.8416,-0.3744587745220862,-1.3067000000000004,-6.869536452097089,-8.088211238164615,-11.191702609654469,-7.634935955251802,0.7725774314236141,6.131456931629138,-0.902119298245614,-10.967709835044433,-3.809222428605966,1.9849647053800883,0,0,1,0,1,0,0,0,0,0.0,0.0,-1.0009788359788363,0.0,0.0,0.0,0.0,0.0,0.0,0.0,0.0,0.0,0.0,6.06636706846161,0.0,6.041840829147961,11.49902366656781,0.0,0.0,11.49902366656781,0.0,17.91984528949382,5.563451491696996,0.0,18.19910120538483,0.0,0.0,-1.6154629629629622,0,0,0,0,0,0,0
0,1,116.3710364516036,0,0,0,-63.06114398422093,-0.607495069033531,-12.922419460880995,-12.451676528599606,-3.691504127401569,6.912886259040103,-33.46570238877932,-0.2702534882022037,-2.727591496822264,5.871794871794876,60.36094674556212,-41.550953320184064,27.17357001972386,29.237343852728475,-197.1065088757396,672.2194117823369,0.1214948717948697,3.3929393265219088,9.519956439228109,-18.46400823201702,11.978119561236683,30.57943637288009,-27.28421806760596,-0.1469868575340424,-2.089801323113308,-8.177885555569011,0.9872569003884872,7,0,0,0,0,0,0,1,0,0.0,0.0,0.0,0.0,0.0,0.0,0.0,0.0,0.0,0.0,0.0,0.0,0.0,32.04657560476608,6.544756405912575,0.0,0.0,5.907179729351506,0.0,0.0,5.687386274683562,5.907179729351506,6.544756405912575,29.903802069902703,0.0,0.0,32.04657560476608,0.0612037037037036,0,0,0,0,0,0,0
0,0,70.92225534744875,0,0,2,-25.40187654320988,-4.000000000000002,-3.3999999999999995,-1.439999999999999,2.3380154854442905,-11.720565523548238,-8.456068891937205,-2.942241731443377,5.235573601585127,2.279999999999999,86.416,-0.9664000000000376,69.27360000000003,141.672,25.574400000000026,-201.86487028823348,0.2098799999999988,13.254195206165589,2.688120480924438,11.61156429818063,-5.054731519961798,-7.9217818649455936,-4.068075608434035,-0.6821860082304528,-2.716039504324458,-15.651729775933449,0.7729040642249451,0,0,0,0,0,0,0,1,1,0.0,0.0,0.0,0.0,0.0,0.0,0.0,0.0,0.0,0.0,0.0,0.0,0.0,23.20187978046503,17.155064168760184,0.0,0.0,0.0,0.0,0.0,10.481923458755384,0.0,15.732652902166215,5.063217724965349,14.157469523954724,18.19910120538483,0.0,0.0,0,0,0,0,0,0,0
1,1,193.083831142056,0,2,0,-201.9090909090909,9.484504132231406,-5.479338842975206,-7.72004132231405,4.302614210284668,-18.766471533516977,-75.8083964646465,8.528236914600544,-22.654700413223164,6.1570247933884446,84.16528925619836,113.30578512396698,-61.48760330578512,-288.099173553719,-84.92561983471076,-1048.89454073543,-0.513339359504133,-17.01430764822299,24.11265733988741,-28.55884304442908,-19.79704687684452,33.80762968631413,8.637423810493573,0.8009015777610817,5.534219877508642,1.332120908962363,0.9878959171686884,6,0,1,2,0,0,0,1,0,0.0,0.0,0.0750012868758356,0.0,0.0,0.0,0.0,0.0,0.0,0.0,0.0,0.0,0.0,0.0,10.902924932081056,17.06805860742645,5.817220841045895,5.428790391900541,0.0,0.0,14.468216370033202,29.17690844182516,19.634269217737724,12.263210640074686,4.567099647791355,11.823646930541102,6.923737199690624,-3.1145341110375364,0,0,0,0,1,0,0
0,0,122.64256583579504,0,0,2,-67.53037602291852,-1.8855359001040584,4.436004162330903,7.451612903225804,24.757602233168885,1.0108269928523173,-18.799939128844635,-11.864315371584464,-3.5048748469696296,-10.44432882414151,-10.565036420395405,-84.38293444328824,38.29240374609782,71.45681581685746,-78.80645161290326,-260.86141815714814,-0.5190624349635803,-7.95172877951817,5.390136688512427,-11.115284165193614,-16.579300849406174,-4.483832408719305,6.395486876114407,-0.2919825578514444,-0.6720074511556846,-2.0799358118688724,0.7730735871511991,1,0,1,0,0,0,0,0,0,0.0,0.0,-1.4977330561854376,0.0,0.0,0.0,4.087608024691358,0.0,0.0,0.0,0.0,0.0,0.0,41.40098098584986,11.399071277454263,0.0,0.0,6.22790117073487,5.907179729351506,0.0,5.687386274683562,0.0,32.571240888330905,0.0,0.0,42.46456947923127,0.0,-0.5966425736961452,0,0,0,0,0,0,1
0,0,392.3996203589994,0,0,0,-29.66863905325444,-0.8885207100591683,-17.16402366863905,-11.606153846153845,-21.25986193293885,-38.03155818540434,-6.38823142669297,-10.2388231426693,-16.574786324786327,19.372781065088752,52.39053254437868,-77.4319526627219,-157.1360946745562,-12.366863905325449,-174.30769230769226,-61.079607980255496,0.0547195266272239,-7.493225164746388,-9.059271238356814,10.987507049408338,-10.166124161564774,-0.2494317843985553,-41.84867636427423,-0.3121512100731933,-1.9820563070931096,-1.8730171038064105,0.9875556785604368,4,3,8,0,0,0,0,0,2,0.0,0.0,0.236247735033739,0.0,0.0,0.0,0.0,0.0,0.0,0.0,0.0,0.0,0.0,45.92300911926414,18.442694056835705,12.207932775496603,0.0,0.0,0.0,0.0,0.0,42.4031770666491,24.17453976141019,25.68328649170404,5.573104530069267,0.0,13.847474399381248,0.7548182808576576,0,0,0,0,1,0,0
1,0,86.56932942681605,0,0,0,2.350780532598714,-2.616161616161613,-11.457300275482092,0.8347107438016496,-0.8714416896235077,-10.50298438934802,2.21648301193756,-2.2982093663911853,-19.48347107438016,-2.015610651974297,55.71717171717171,-38.72819100091829,46.28099173553719,-74.28374655647383,-93.6914600550964,-918.8551744994896,-0.3059786960514245,-4.168757395528711,-25.96271052831009,34.17818446755052,4.528509761735082,-27.762788765744816,-13.495852083470528,-0.3135904499540863,-8.093464869189472,-14.23024826643913,0.9948252041375966,2,0,0,0,0,0,0,0,0,0.0,0.0,0.0,0.0,0.0,0.0,0.0,0.0,0.0,0.0,0.0,0.0,0.0,24.26546827384644,11.250837766380558,0.0,0.0,0.0,0.0,0.0,11.374772549367124,5.563451491696996,5.687386274683562,11.250837766380558,5.563451491696996,18.19910120538483,38.112942673227685,-0.9274017384731664,0,0,0,0,0,0,0
1,1,114.267573139086,0,0,2,7.950617283950612,-3.9883126369612887,-1.727538349159971,-4.837837837837838,12.648612576540506,14.347664369964452,0.1659238206062823,-4.671166467323735,8.60691246802358,-9.945945945945963,-154.26807888970055,-130.56975894813735,85.50036523009501,-83.06208911614317,91.51351351351352,-71.66296740577538,-0.4757972972972994,-7.203138399521308,16.371559398963235,-22.589692009581277,-4.329468335474125,0.6321241828189468,-2.829443574663451,-0.6537722908093279,-3.675745481676848,-4.993851725995814,0.7670708668333334,4,0,1,0,1,0,0,1,0,0.0,0.0,-0.8679290018476531,0.0,0.0,0.0,0.0,0.0,0.0,0.0,0.0,0.0,23.20187978046503,12.13273413692322,0.0,6.041840829147961,0.0,0.0,0.0,0.0,5.687386274683562,0.0,18.18082851286669,24.340350578205708,0.0,0.0,24.26546827384644,0.0698162251075311,0,0,0,0,0,0,0
0,0,74.05284140842024,0,0,0,-75.90817263544535,-6.036730945821858,-2.0293847566574827,1.8145087235996344,-14.397784664830125,7.3744643403734305,-59.688564942352826,-8.48294816855423,21.27859402101827,-6.483011937557398,76.62442607897154,-124.435261707989,56.887052341597794,72.98438934802573,-56.573921028466486,435.0740502720608,-0.4893777777777774,16.198347811917614,-27.74295523789044,-46.18472372563599,14.310746544195275,-9.401494008227504,6.329569797101295,-0.126594767793994,-14.12374258893596,7.1525709879865245,0.9878577743467852,4,0,0,0,2,0,0,0,2,0.0,0.0,0.0,-0.4317361111111113,0.0,0.0,0.0,0.0,0.0,0.0,0.0,0.0,0.0,20.268296022307258,0.0,13.213763929025836,0.0,0.0,0.0,0.0,9.589074368143644,13.213763929025836,0.0,12.84164324585202,0.0,0.0,13.847474399381248,0.0,0,0,0,0,0,0,0
0,0,110.40080135058663,0,0,0,-86.0,4.325987144168961,1.5730027548209375,1.824609733700644,-1.3893480257116615,-14.666666666666668,-24.791551882460976,2.76492194674013,2.5922865013774112,14.0,73.0,4.0,-119.0,43.0,5.0,290.28423226856165,0.1518338842975189,-3.9858891212385217,-4.85659263549468,-6.264523035265082,-0.0263639715947383,5.368199890624891,-6.857453228021654,-0.6842105263157895,0.2257808064102623,-5.052084437988194,0.9950250156680942,2,0,0,2,0,0,1,0,0,0.0,0.0,0.0,0.0,0.0,0.0,0.0,0.0,0.0,0.0,0.0,0.0,0.0,30.33183534230805,16.59031120676462,5.824404497999927,0.0,0.0,5.559266895052007,5.687386274683562,0.0,5.559266895052007,11.210628712464722,16.76753848399682,0.0,4.567099647791355,62.37841094707413,0.7064814814814817,0,0,0,0,1,0,0
0,0,146.24391272167924,0,0,0,20.0,-2.29296875,2.1474609375,0.193359375,-9.98944769965278,18.516384548611104,-0.5788574218749976,6.621934678819448,-9.076660156249996,0.0,0.0,-52.0,-55.0,96.0,0.0,524.4339963713762,-0.6105187499999991,5.863767090730571,-0.6785476657899894,-9.017749280512122,-5.5784039183331,2.626619884328445,-12.735975741241957,-1.147540983606557,-3.608344819041277,-3.079437431799552,0.9975749626995536,2,0,1,0,1,0,0,0,3,0.0,0.0,-0.9375812547241124,0.0,0.0,0.0,0.0,0.0,0.0,0.0,0.0,0.0,0.0,12.13273413692322,7.109797541277533,19.31773031677414,11.49902366656781,0.0,0.0,11.49902366656781,4.794537184071822,13.213763929025836,11.49902366656781,0.0,7.109797541277533,24.26546827384644,0.0,1.072819087511548,0,0,0,0,0,0,0
0,0,106.94956563220362,0,0,2,100.30648372965403,-0.4536940686784623,-6.24869927159209,2.24349635796046,-13.197835715603237,-79.18010671405042,135.00206841787815,-24.35334333789946,-47.15881283245794,89.26222684703437,-90.44016649323622,-258.5026014568158,169.73569198751304,-204.5515088449532,-206.56503642039544,-272.2641708102229,-0.6195899063475543,24.274270872624086,-18.0138072578319,-25.43174859130015,10.882705332971776,-6.046141161199632,-1.2191722773208462,-0.7601528432479591,-5.099480659608557,-7.450659981518503,0.6419148342952197,2,0,1,0,1,0,0,1,0,0.0,0.0,-0.6476231418493328,0.0,0.0,0.0,0.0,0.0,0.0,0.0,0.0,4.305215991296234,11.600939890232516,11.600939890232516,16.590023033395227,15.956742563170078,0.0,20.046582306815168,0.0,0.0,5.687386274683562,21.485506508913,0.0,10.371583059757844,13.1140390511388,0.0,0.0,0.0175872779667425,0,0,0,0,1,0,1
0,0,39.022388146678416,0,0,0,39.21883656509696,-2.64819944598338,-0.0304709141274235,1.3407202216066485,-3.3473376423514924,-12.121652816251151,33.01131117266851,1.1668975069252094,-12.606648199445983,-2.84210526315789,13.022160664819948,-23.213296398891966,-32.39335180055402,27.058171745152357,-42.24376731301938,181.27464719502828,-0.2993210526315793,5.989600933201934,-14.543559799641884,-4.594342023028835,-2.3600521209658623,2.3908124277614857,1.6155759979340742,-1.981994459833795,-11.235326811274936,-8.32148759661671,0.9975779680466346,0,0,0,0,0,0,0,0,1,0.0,0.0,0.0,0.0,0.0,0.0,0.0,0.0,0.0,0.0,0.0,0.0,0.0,0.0,12.673249032974528,5.749511833283905,0.0,0.0,0.0,5.749511833283905,0.0,5.749511833283905,5.563451491696996,0.0,31.37526581512397,0.0,0.0,-0.2614323507180645,0,0,0,0,0,0,0
0,0,141.96266156762124,0,0,0,19.30917159763313,-7.834319526627226,-4.337278106508876,5.100591715976334,-8.831717928172264,9.345224153517444,-7.769228201019064,-1.31835809089415,-11.803660215318873,19.264792899408253,114.64201183431948,-153.9541420118344,134.42603550295863,10.779585798816573,-37.3698224852071,-136.0573418736987,-0.077891715976328,15.24065449932276,-20.38297711390717,7.080679704849086,20.62203886384772,-8.683471557689977,-5.992209646124077,-0.3610461936253791,-5.924730187360882,-13.515762626334098,0.9948908482789324,3,1,3,0,0,0,0,0,0,0.0,0.0,2.160097316704459,-0.1200169149449906,0.0,0.0,0.0,0.0,0.0,0.0,0.0,0.0,0.0,19.420578929450517,5.601050810983688,0.0,5.783244946364939,0.0,0.0,0.0,0.0,10.82998093879356,11.701150992526332,43.939920206952834,24.83556939884729,0.0,6.076020106833881,2.5030348088309395,0,1,0,0,0,1,0
0,0,49.61446593362341,0,0,0,55.99999999999998,-0.2966666666666676,5.633333333333333,0.0,-0.0456867283950628,-41.16971450617283,4.525509259259263,13.222453703703708,0.0,0.3333333333333099,65.33333333333331,97.11111111111109,-267.8888888888889,163.33333333333337,0.0,1060.119670200158,-0.0512866666666707,5.876888900762408,-20.053028129241586,-6.68029265063156,-1.5579244622204216,16.735129540682813,0.0,-1.6957070707070705,1.8076738513571773,-13.792795013021896,0.9872569003884836,4,0,1,0,0,0,0,0,0,0.0,0.0,-0.0300000000000002,-0.7384259259259258,0.0,0.0,0.0,0.0,0.0,0.0,0.0,0.0,0.0,20.771211599071872,0.0,5.41499046939678,5.783244946364939,5.907179729351506,0.0,0.0,0.0,17.608330721877838,19.386399651764595,0.0,0.0,0.0,20.771211599071872,-0.0005092592592585,0,0,0,0,0,0,0
0,1,289.7727668542418,0,0,1,-28.824612972761127,1.07709750566893,-0.7800453514739228,-5.823129251700683,2.071083475812721,-1.3037396130021377,1.4826215757857302,-13.00289659124331,-20.197578558934623,2.523809523809552,78.07709750566895,75.60997732426304,228.41950113378687,-180.78004535147383,-126.77551020408164,-167.7586908999712,-0.1643285714285685,5.253039670519766,14.794793408099611,-18.421187348738403,19.874072280726423,5.208243426074051,-6.48467869716526,0.3179404696159545,4.632977866674763,-11.4518105119797,0.773997296934547,6,0,0,0,1,0,0,1,1,0.0,0.0,0.0,0.0,0.0,0.0,0.0,0.0,0.0,0.0,0.0,0.0,0.0,25.44841428961377,23.383268621399417,5.749511833283905,0.0,0.0,5.907179729351506,5.749511833283905,5.687386274683562,5.907179729351506,28.567739319318363,19.634269217737724,13.176164609739144,6.06636706846161,0.0,0.2112456433190566,0,0,0,0,0,0,0
0,0,50.73384412595829,0,0,0,-65.28571428571429,2.285714285714285,1.9591836734693877,0.0,-0.7891156462585052,-12.645124716553283,-31.571428571428573,-6.8979591836734695,0.0,6.000000000000009,39.42857142857143,-0.6734693877551088,9.551020408163248,18.775510204081627,0.0,167.6793781584241,0.4032428571428547,-5.531328762708267,18.536473536487428,-4.220455565772385,6.609326267029951,1.7162743151808035,0.0,-0.4514683922349428,6.025053146570277,-19.229225884104096,0.9959582860365436,3,0,0,0,0,0,1,0,0,0.0,0.0,0.0,0.0,0.0,0.0,0.0,0.0,0.0,0.0,0.0,0.0,0.0,0.0,6.606881964512918,12.741599977525652,5.824404497999927,0.0,0.0,0.0,5.817862777835028,18.969501148260523,5.824404497999927,0.0,10.763943219404432,6.923737199690624,0.0,0.4558333333333337,1,0,0,0,0,0,0
0,1,301.3539007097769,0,0,0,-79.11777777777776,11.47000000000001,15.237500000000002,-3.7600000000000025,5.8685223765432175,-72.25172260802475,63.91689043209877,-166.50842013888897,104.8702469135803,-10.863333333333312,163.0577777777777,21.64222222222226,-340.8522222222221,-474.6500000000002,514.7488888888889,-1330.293250427453,-1.3968645833333266,52.19153793997553,-33.777711472696886,-13.420972742985574,-28.78681984920129,0.5303030992437092,9.001195637844894,0.1122746331236898,-3.9669169503419712,-1.8500490522773536,0.993062237734125,0,0,3,0,1,0,0,2,0,0.0,0.0,-2.7706449462501066,-2.625690428949357,0.0,0.0,0.0,0.0,0.0,0.0,0.0,0.0,0.0,0.0,11.605292320844956,22.840946106665527,11.384295757348628,5.783244946364939,5.907179729351506,5.749511833283905,5.687386274683562,29.727711100902184,5.563451491696996,5.687386274683562,10.966276799312087,20.16171103381599,18.99525369620486,-6.539813806440339,0,0,0,0,0,1,0
0,0,71.61739356497722,0,0,0,-75.5822222222222,-1.793333333333333,-0.4744444444444449,4.608888888888888,34.46,-8.533333333333335,-18.61916666666667,-23.59638888888887,-12.597777777777775,4.804444444444426,33.440000000000005,32.59555555555554,-16.599999999999994,-81.99111111111111,-1.9911111111111133,-283.99392769269423,-0.0796098888888927,7.244192910324375,-14.218841749375551,-4.020782643624488,-13.95503201898372,-6.648330286160138,4.922179200424608,-0.3864231354642314,-0.5041861042064276,-3.7152531411317695,1.826489432876966,2,0,0,0,1,0,1,1,0,0.0,0.0,0.0,0.0,7.415044642857143,0.0,0.0,0.0,0.0,0.0,0.0,4.9839785209472085,4.7304076419062255,0.0,0.0,11.635725555670057,0.0,0.0,5.618183454609236,0.0,11.635725555670057,11.436046232444264,10.548270419741254,25.93115605767717,6.4208216229260096,6.06636706846161,0.0,0.8315495086923663,0,0,0,0,0,0,0
0,1,286.9886190261827,0,0,0,12.854875283446724,11.530612244897965,-21.40816326530613,14.183673469387744,-1.159041162761402,-0.1873779604434375,8.782013731418491,-18.07514487276393,-4.124303193499623,6.537414965986369,99.09297052154191,5.140589569160955,-56.05215419501136,-225.2766439909297,-186.29931972789112,-1429.6230378993507,-0.8724079931972777,14.851098694175318,-3.5770095450248243,-26.35102938979549,-7.073562489231155,-39.52580022144477,18.93725434550498,-1.054348621168898,-0.0393140728100661,-8.678669506837178,0.9955205952279608,3,0,3,0,2,0,0,1,2,0.0,0.0,-0.5311607142857151,-0.957337962962963,0.0,0.0,0.0,0.0,0.0,0.0,0.0,0.0,0.0,0.0,23.35382550142102,6.606881964512918,5.724985593970254,11.566489892729878,0.0,0.0,4.794537184071822,41.31705694236815,12.241795718968408,0.0,14.033534740968156,0.0,4.899909730850478,-1.340096844293272,0,2,2,0,0,1,1
0,1,135.0114981086002,2,0,0,-29.360000000000014,6.052499999999992,9.696875000000007,9.968750000000004,14.951414930555556,-9.196228298611112,10.02059895833333,-21.78665364583333,0.8699218750000004,16.96000000000004,31.360000000000056,-19.759999999999987,-58.44000000000001,-77.20000000000003,105.0,-42.73053987811271,-0.2740872499999983,17.743489170732484,-0.132863855616176,-18.83604364309335,-23.864666052611263,9.99726449897317,17.770156970855602,-0.242051282051282,-2.259869364701881,-6.450420431766959,0.9969653340746868,1,2,4,0,0,0,0,1,1,0.0,0.0,-0.0362046485260781,-0.1597222222222221,0.0,0.0,0.0,0.0,0.0,0.0,0.0,0.0,0.0,18.218407282129373,0.0,12.207932775496603,11.49902366656781,0.0,0.0,11.49902366656781,0.0,17.26846869042899,17.709258708593257,19.386399651764595,11.126902983393991,6.06636706846161,12.142387175295491,1.1891723356009072,0,1,1,0,0,1,1
0,1,385.6413015066727,0,0,0,-33.979591836734684,-9.087463556851317,3.317367763431905,-6.629737609329448,-1.903359132768751,24.951709935674952,-15.803316904993288,-15.053906936924433,4.330721574344023,-2.673469387755076,41.28571428571431,-207.0612244897959,115.24489795918365,51.12244897959184,-23.285714285714285,876.0052929839026,-0.5935285297792565,-6.500604588261671,-5.334828911626839,-13.95619979820612,-33.37625633076044,15.237406037768745,-2.795661577670133,0.3303401360544217,-10.183972006003737,4.440307894546487,0.989910853533992,5,0,3,0,0,0,0,0,1,0.0,0.0,-2.080331459782669,-0.04847273909819,0.0,0.0,0.0,0.0,0.0,0.0,0.0,0.0,0.0,12.13273413692322,12.207932775496603,18.460360185545124,0.0,0.0,0.0,5.749511833283905,0.0,12.145807216896262,25.1359114850485,11.126902983393991,0.0,0.0,38.970312804456704,0.6789432161753591,0,0,0,0,1,0,0
1,0,85.77954559321009,0,0,0,-99.38763376932224,5.221165279429254,10.7538644470868,4.202140309155766,-4.6370392390011865,-10.865008587660192,-18.04723213106089,-51.12277051129605,17.82837891399128,2.1807372175980904,89.0713436385256,35.64565992865638,-67.2164090368609,-63.575505350772936,155.1486325802616,176.25635875626122,-0.2663816884661145,4.526738429619773,-8.766894715203799,-1.0008333948690211,-31.249006358521964,7.873703077464488,5.1620095748934345,-0.3219567479191437,3.4629827995847733,-6.174511873376015,0.9879241012094396,3,0,0,2,0,0,1,0,0,0.0,0.0,0.0,0.0,0.0,0.0,0.0,0.0,0.0,0.0,0.0,0.0,0.0,0.0,5.386224214464796,11.210628712464723,0.0,5.428790391900541,0.0,0.0,0.0,5.563451491696996,17.5781578411451,5.693927994848461,6.196843571613076,16.699833784714574,13.847474399381248,-1.2086342592592587,0,0,0,0,1,0,0
0,0,104.7631588214657,0,0,0,-10.0,-3.440000000000002,-3.279999999999999,-1.6799999999999973,-0.542222222222223,1.4222222222222232,-0.4711111111111108,0.2755555555555558,-0.2577777777777776,12.0,-24.0,-42.0,30.0,-8.0,-18.0,-72.04077230055108,0.0587999999999968,-5.248236180911222,-9.184413316594403,6.560295226138873,-3.498824120607324,-1.7494120603036236,-3.936177135683221,-0.3333333333333333,-5.25297298024853,-7.754388685128782,2.7514135983841177,0,0,0,6,0,0,0,0,0,0.0,0.0,0.0,0.0,0.0,0.0,0.0,0.0,0.0,0.0,0.0,0.0,0.0,48.53093654769288,0.0,0.0,0.0,0.0,0.0,0.0,0.0,0.0,0.0,0.0,32.31734528678877,0.0,0.0,0.0,0,0,0,0,0,1,0
0,0,36.76857029015852,0,0,0,10.271604938271604,-2.000000000000001,0.8888888888888891,0.0,0.1426611796982165,-0.3813443072702329,0.6145404663923187,0.5377229080932786,0.0,4.938271604938279,-29.62962962962962,-17.90123456790123,-2.469135802469143,15.432098765432098,0.0,138.96753916001404,0.0241975308641962,-6.479303927050621,-3.914579455926434,-0.5399419939209198,4.724492446807747,3.374637462005544,0.0,-0.7075617283950618,-4.242166984884639,-13.37562564415134,2.7457761940988563,0,0,0,2,0,0,0,0,0,0.0,0.0,0.0,0.0,0.0,0.0,0.0,0.0,0.0,0.0,0.0,0.0,0.0,48.53093654769288,0.0,0.0,0.0,0.0,0.0,0.0,0.0,0.0,0.0,0.0,10.772448428929591,0.0,0.0,0.0,0,0,0,0,1,0,0
1,0,90.03103374755959,0,0,0,-10.146722164412065,-2.767950052029132,-0.6628511966701363,-1.6774193548387115,-8.9408024049023,-1.658920106370674,-3.054832928662272,-0.4595328939761826,-9.003584229390675,2.520291363163361,36.09157127991675,-62.789802289282,53.19875130072842,-10.21644120707596,41.70967741935483,-401.248297560039,-0.1782801248699307,12.961082194346286,-4.685098477086823,0.4195757352101625,-9.733672336270608,-16.99670494799673,5.407535959025863,-0.7757758043134295,-4.653011204700466,-14.277606474714904,0.9937292990801296,1,0,1,2,0,0,0,0,1,0.0,0.0,-0.4847206737633327,0.0,0.0,0.0,0.0,0.0,0.0,0.0,0.0,0.0,0.0,24.26546827384644,13.027703587438928,5.749511833283905,0.0,0.0,0.0,5.749511833283905,0.0,0.0,0.0,22.08541175391049,0.0,14.033534740968156,36.39820241076966,-0.4899107405307801,0,0,0,0,1,0,0
0,0,27.60911722931685,0,0,0,-3.173333333333334,-2.8800000000000017,0.7200000000000002,0.0,-8.032098765432101,-3.43753086419753,-4.863703703703704,2.3713580246913586,0.0,-4.799999999999997,-3.5688888888888908,-33.355555555555554,8.595555555555556,21.342222222222222,0.0,126.3137059545016,-0.3204600000000004,-0.2174312645736943,-15.739047478398774,0.5337991492415324,0.9177516823182296,1.3095956854752726,0.0,-0.5765079365079366,-12.048295938206202,-11.807804411231112,2.780011194284672,0,0,0,0,1,0,1,0,0,0.0,0.0,0.0,0.0,0.0,0.0,0.0,0.0,0.0,0.0,0.0,0.0,0.0,0.0,5.563451491696996,0.0,0.0,5.907179729351506,0.0,0.0,0.0,0.0,5.563451491696996,0.0,6.196843571613076,18.3295777085363,0.0,-0.4415740740740739,0,0,0,0,0,0,0
1,0,27.60911722931685,0,0,0,-9.551020408163266,-2.8775510204081622,0.4132653061224489,0.0,-3.169501133786849,-8.081632653061224,-8.854875283446713,1.71485260770975,0.0,-5.714285714285708,-12.326530612244891,-13.77551020408163,4.693877551020405,12.755102040816324,0.0,71.42498458871161,-0.3627571428571432,-0.8573735032906641,-13.41592119128263,0.8274893736343458,1.334100288090581,0.8694213091641265,0.0,-0.5757250268528463,-11.420813881895755,-5.281876384290666,2.780014844452781,0,0,0,0,0,0,1,0,0,0.0,0.0,0.0,0.0,0.0,0.0,0.0,0.0,0.0,0.0,0.0,0.0,0.0,0.0,5.563451491696996,0.0,0.0,0.0,0.0,0.0,0.0,5.563451491696996,0.0,0.0,18.46005421168776,6.06636706846161,0.0,-0.941574074074074,0,0,0,0,0,0,0
0,0,79.34133735847344,0,0,0,-17.37429111531191,-4.981096408317578,-2.635160680529301,-3.482041587901702,-25.07676958622138,-18.133375341314856,-11.015490443184206,0.6241335853812193,-29.437408107540428,6.744801512287345,20.51984877126656,-86.41398865784498,-1.2816635160680576,10.3156899810964,21.3742911153119,-183.1271192497614,0.166385066162571,-7.516565903557154,1.916904633583366,-1.4391652859120336,12.48662274251091,-11.83938109631539,-3.97942230571533,0.0372916308644096,-4.561241269390531,-0.7880171332800401,1.991660651114036,1,1,0,0,0,0,0,1,0,0.0,0.0,0.0,0.0,0.0,0.0,3.6566421012849584,4.775271872637944,0.0,0.0,0.0,5.101407525739723,0.0,0.0,12.280967647996928,11.468067454730246,5.760247418874442,5.907179729351506,0.0,0.0,10.67871938593283,12.305003824787018,0.0,17.28988017195146,6.06636706846161,0.0,5.316788604006331,-0.7686812116822026,1,1,1,0,0,0,0
0,0,172.52025223282382,0,0,0,45.703125,-6.791666666666659,1.5486111111111092,-0.1111111111111131,8.03144290123457,-8.017554012345666,-4.8088348765432025,-11.033371913580249,-12.330632716049385,15.921875,45.96875,-78.828125,4.515625,59.109375,-21.0625,507.3027520820425,-0.1060062499999995,1.083533333007635,-19.350525149239804,-7.151307077670302,17.74647874621219,10.715576462770048,-6.558038026599537,-0.5594981527093597,-4.508407948222641,-11.518889511111164,0.9959488536061454,1,1,4,0,0,0,0,0,0,0.0,5.7031582793943,2.5923918178382457,-1.0040631167590497,0.0,0.0,0.0,0.0,0.0,0.0,0.0,0.0,6.423349895620259,18.41727604861553,0.0,5.601050810983688,5.783244946364939,0.0,0.0,12.343784214475903,0.0,5.41499046939678,29.45486913101051,44.94575136048208,11.993926152995275,0.0,6.076020106833881,5.656325482653269,0,1,0,0,0,1,0
1,1,173.11507650642454,0,1,0,-142.2379535990482,5.788221296847121,-6.132659131469364,-1.781082688875671,7.494315552911628,7.779331085993783,-40.747636988565006,-6.272655165576045,-21.887550399894245,7.458060678167747,41.6745984533016,80.62938726948242,40.58893515764426,-203.9321832242713,-79.54907792980366,-707.7948198511783,-0.4141732897085073,-4.256851658312095,25.42572199426485,-28.635814682527627,-18.750256578383254,18.214468146179517,-6.395128763044875,0.347760205627827,6.888764437644609,-4.395887623302016,0.988011894601982,6,0,0,2,0,0,0,1,0,0.0,0.0,0.0,0.0,0.0,0.0,0.0,0.0,0.0,0.0,0.0,0.0,0.0,0.0,11.204086992299825,11.38067233274289,0.0,5.428790391900541,0.0,0.0,10.077801322358384,10.949675706161791,30.838356210037556,19.15587988028676,6.196843571613076,10.633466716252965,11.823646930541102,-1.798720900078223,0,0,0,0,1,0,0
0,1,178.049676364433,0,0,0,-37.45746579417015,0.272456870910171,-3.121356335514575,-1.0511600237953598,9.528256989886971,46.81796549672815,-20.08235838455946,-24.474238217991942,-19.30833168087779,8.214158239143352,26.568709101725144,-14.703152885187386,75.8958953004164,2.046400951814401,-39.40511600237952,191.66980180081072,0.5236907198096377,-10.810504763608396,-3.4541479260224848,-14.34018398747061,-4.496860005637524,9.176467743990996,-1.886511533528652,0.386140728199027,-2.025608893055138,-0.8482623041906686,0.988939807055295,4,0,2,0,0,0,0,0,0,0.0,0.0,0.7025727500213428,0.0,0.0,0.0,0.0,0.0,0.0,0.0,0.0,0.0,0.0,13.847474399381248,17.093644505027584,0.0,0.0,0.0,5.687386274683562,0.0,11.374772549367124,18.33610906834444,11.605292320844956,30.63723741814515,0.0,12.13273413692322,0.0,0.0,0,0,0,0,1,0,1
0,0,120.53689387486496,0,0,1,-66.81463496101027,-1.716961498439127,3.879292403746097,6.419354838709677,24.810516840200208,2.4307628671995345,-19.031136753759355,-12.87903483533464,-3.20770093071965,-5.865764828303865,-15.942767950052028,-50.65140478668055,61.35171696149844,-6.378772112382958,-52.48387096774194,-131.76244178635278,-0.4459785639958381,-8.786208379867205,3.893221391119354,-12.448685185548726,-15.64285733612991,-2.899066614613161,6.404658876785584,-0.2801533161921646,-1.743111209346321,-0.1733166360206066,0.774006442301375,1,0,1,0,0,0,0,0,0,0.0,0.0,-1.4339058956916102,0.0,0.0,0.0,4.111219135802469,0.0,0.0,0.0,0.0,0.0,0.0,41.93277523254056,11.399071277454263,0.0,0.0,6.22790117073487,5.907179729351506,0.0,5.687386274683562,0.0,21.985156082892587,5.563451491696996,0.0,18.19910120538483,30.33183534230805,-0.5560152116402113,0,0,0,0,0,0,1
1,0,37.212677017065175,0,0,0,27.839506172839503,-3.067901234567902,1.867283950617284,0.7469135802469137,-19.26337448559671,-50.201646090534986,27.62002743484225,-24.869684499314133,3.755829903978054,-20.66666666666667,20.35802469135802,-46.48148148148148,-83.70370370370371,-57.79012345679012,23.7283950617284,-55.33238841950454,-1.0748666666666669,-4.059902989185153,-15.841448691151449,1.049746697066306,3.7008330079832055,4.512886193468628,1.458731255466228,0.0962236746550472,-13.145902017671226,-10.04047852608936,2.8282649969183518,0,0,0,0,1,0,0,0,0,0.0,0.0,0.0,0.0,0.0,0.0,0.0,0.0,0.0,0.0,0.0,0.0,0.0,0.0,0.0,11.3129633249809,0.0,0.0,0.0,5.749511833283905,5.687386274683562,11.3129633249809,5.687386274683562,0.0,18.19910120538483,0.0,0.0,-1.4722222222222214,0,0,0,0,0,0,0
1,1,23.21434282983533,0,0,0,13.2879012345679,-8.280000000000003,0.0,0.0,10.106774024538945,-44.07210617188691,5.357484734606004,0.0,0.0,-46.0,114.0,-282.0,-72.0,0.0,0.0,0.0,-0.5237562500000031,6.882559403526463,-35.082939995794376,10.733864335139282,3.4076323153727524,0.0,0.0,-0.6272951739618406,-28.466712582073367,-0.5455252646436721,0.5520145949492088,2,0,1,0,1,0,0,0,0,0.0,0.0,-0.9020061728395066,-0.6469907407407409,0.0,0.0,0.0,0.0,0.0,0.0,0.0,12.628789148012991,0.0,0.0,0.0,6.041840829147961,0.0,0.0,0.0,0.0,0.0,0.0,0.0,0.0,0.0,13.847474399381248,0.0,-1.018518518518518,0,0,0,0,0,0,0
0,1,223.6314959460459,2,0,0,-55.3125,-1.167534722222214,1.156684027777775,-1.834201388888892,-3.759295428240738,7.128228081597216,-12.642605251736107,-5.945454161844137,5.760555314429007,16.125,90.375,-134.75,98.9375,-46.6875,110.375,-232.58763083131527,0.0594257812500052,18.47205152737602,-16.545345867010823,20.710843922070723,-15.261782640771248,0.6679714396486331,14.8891865128598,-0.1200842696629213,-7.224574569033883,-9.086606481886571,0.9919608577836042,6,1,2,0,0,0,0,1,0,0.0,0.0,1.2523195389266817,0.2068090986394557,0.0,0.0,0.0,0.0,0.0,0.0,0.0,0.0,0.0,31.562966104746007,0.0,5.749511833283905,0.0,0.0,0.0,5.749511833283905,0.0,5.41499046939678,17.709258708593257,19.51033443475116,23.12082913638927,0.0,12.13273413692322,1.040470322643393,0,0,0,0,0,1,1
0,0,84.78301769199042,0,0,0,-18.564013840830476,3.951557093425601,4.512110726643603,1.8269896193771644,-9.76852652825836,-72.76661620530567,3.529375720876593,-54.85647347174165,2.9815275374855847,-0.3529411764705932,96.6228373702422,108.97923875432528,-290.48096885813146,-151.6262975778547,69.560553633218,-214.18972169354132,-0.1902352941176495,11.022373723500625,-15.065678351934556,7.376270219853884,-6.048315113026396,11.786336535146372,3.732286409616634,-0.3281430219146481,4.513777311196372,-9.715701470142326,0.9871812868952616,3,0,1,0,0,0,0,0,0,0.0,0.0,-0.0735185185185189,-1.0933333333333333,0.0,0.0,0.0,0.0,0.0,0.0,0.0,0.0,0.0,27.19203322199788,0.0,5.41499046939678,0.0,11.814359458703011,0.0,0.0,4.794537184071822,5.917906046161393,6.4208216229260096,12.84164324585202,0.0,6.923737199690624,13.847474399381248,-1.0092592592592593,0,0,0,0,0,0,0
0,0,451.8178291895293,0,0,0,-71.57617728531856,5.409972299168974,1.8421052631578951,-3.4986149584487527,-15.861265004616808,-39.24022776238842,-35.00577100646353,-14.951754385964913,64.35695598645735,19.168975069252056,114.2493074792244,31.25761772853184,-223.06925207756228,60.526315789473706,67.53462603878114,738.6991906992835,0.1526708448753437,30.523887140403616,-28.472229280621228,7.548674580204425,-15.16906825221864,14.573538701040588,-8.584691058590694,-0.8606301939058172,-3.592367417460712,-1.4343652970436338,0.9952816097230236,2,0,0,2,0,0,1,0,0,0.0,0.0,0.0,0.0,0.0,0.0,0.0,0.0,0.0,0.0,0.0,0.0,0.0,0.0,6.3273200747645415,5.783244946364939,11.16387793838399,0.0,5.559266895052008,0.0,0.0,17.03225523962042,36.9710992130746,0.0,22.38525657003788,18.662443613145733,0.0,0.1179038065843622,1,0,0,1,0,0,0
0,2,1143.0997281232674,0,0,1,-6.2399342501395285,1.7030971876112448,-0.1384834460662157,-4.11498754004984,-2.082201758679629,-2.2853713559997137,-3.8323238703692,1.0834059736463393,-4.48710104732817,36.87219651121388,29.407974368102483,-16.312922748309038,212.14667141331444,15.718049127803516,-66.68209327162691,323.5761138533534,0.1725042719829098,15.00893286082498,39.41671009971397,-4.895559684635997,-2.239660984891994,8.246217729908997,-7.491812936129994,0.0202090619262015,2.992560073146036,-2.939212354760293,0.6606450161845162,8,0,0,0,0,0,0,3,0,0.0,0.0,0.0,0.0,0.0,0.0,0.0,0.0,0.0,1.8246512822838925,0.0,0.0,0.0,35.49555897654685,17.98165451388004,0.0,0.0,0.0,0.0,0.0,11.374772549367124,6.606881964512918,0.0,57.25674977805535,21.165739500402672,0.0,17.828252017852726,0.0,0,0,0,0,0,1,1
0,0,124.25345070779146,0,0,0,-37.375,5.9375,5.78125,7.875,0.987847222222222,-1.7586805555555562,-2.486111111111111,-0.2743055555555546,0.5416666666666675,14.0625,-14.0625,34.765625,-120.703125,13.28125,46.875,119.5989383895875,0.0689062499999987,-3.075138387252494,7.602425457374421,-26.394937823917797,-18.4508303235154,2.904297365738457,10.250461290841807,-0.609375,3.865034682887887,-4.522648930698672,2.772751792148112,0,0,0,8,0,0,0,0,0,0.0,0.0,0.0,0.0,0.0,0.0,0.0,0.0,0.0,0.0,0.0,0.0,0.0,72.79640482153933,0.0,0.0,0.0,0.0,0.0,0.0,0.0,0.0,0.0,0.0,43.089793715718365,0.0,0.0,0.0,0,0,0,0,0,1,0
0,0,58.3692649626186,0,0,0,11.668639053254434,0.25,-2.25,-3.5,-20.17057034845496,-2.378287310979618,-4.428254437869824,15.506533530571993,-5.82223865877712,4.230769230769221,35.2248520710059,-78.66863905325445,-54.44970414201184,67.13609467455622,-45.05917159763313,245.90984708036285,-0.0075153846153856,-10.328394717162784,14.388273027771568,-12.287585217794511,-9.63678828603862,2.105658250310133,7.6522374939208095,-0.6280445851107749,2.149580238630309,-5.826263670595521,0.9879301480202074,3,0,0,0,0,0,0,0,1,0.0,0.0,0.0,0.0,0.0,0.0,0.0,0.0,0.0,0.0,0.0,0.0,0.0,0.0,6.606881964512918,5.749511833283905,0.0,5.907179729351506,0.0,5.749511833283905,5.687386274683562,5.907179729351506,6.606881964512918,11.436898107967467,6.923737199690624,0.0,31.18920547353706,0.7507054936172006,0,0,0,0,0,0,0
0,0,67.13937919285011,0,0,0,0.2222222222222223,-0.375,3.0625,1.875,0.7461419753086412,-1.0023148148148149,-0.4567901234567891,0.4575617283950626,0.6157407407407413,8.680555555555566,-26.041666666666657,-2.951388888888877,-38.020833333333336,23.78472222222221,21.875,214.18371973037168,0.0425347222222215,-5.694700717134319,-0.6453994146085418,-8.314263047016201,-1.518586857902538,5.201159988316023,4.783548602392853,-0.7302350427350426,-0.4832280338973233,-10.703172967997231,2.7508131661595243,0,0,0,4,0,0,0,0,0,0.0,0.0,0.0,0.0,0.0,0.0,0.0,0.0,0.0,0.0,0.0,0.0,0.0,60.6636706846161,0.0,0.0,0.0,0.0,0.0,0.0,0.0,0.0,0.0,0.0,21.544896857859182,0.0,0.0,0.0,0,0,0,0,0,1,0
0,0,92.2094050951317,0,0,0,0.6195005945303276,1.4090368608799042,5.253269916765755,1.897740784780024,-22.402397938961563,-56.270990223279206,-8.163826132910554,-23.45237151539174,-4.72660688333994,0.3876337693222362,48.83828775267537,50.30677764565995,-201.3935790725327,-8.837098692033301,28.14387633769322,253.90424324108156,-0.3054678953626658,13.379863426074918,-13.122009924716734,-2.3162475337076573,-6.354819899849915,7.916352920512679,3.099461460569152,-0.5508564450300478,2.910861184822965,-11.69903648375431,0.9880066749189876,1,0,0,0,0,0,0,0,0,0.0,0.0,0.0,-1.310347222222222,0.0,0.0,0.0,0.0,0.0,0.0,0.0,0.0,0.0,37.255572541998674,0.0,0.0,5.41499046939678,11.814359458703011,0.0,0.0,4.794537184071822,0.0,11.984273114623004,0.0,0.0,37.255572541998674,0.0,-1.1389814814814807,0,0,0,0,0,0,0
0,0,205.93794512970632,0,0,0,-35.65927977839335,2.556786703601105,-4.764542936288088,1.8088642659279797,-6.501688019390585,-9.55191020313943,-5.393231571252693,-9.471741305016932,36.71028104801478,-2.2243767313019265,3.4847645429363108,3.185595567867048,-71.74238227146816,25.750692520775598,47.01662049861493,-258.1575609745335,-0.5251168975069263,-9.41293850193879,-9.486202153836198,0.7202907549093955,-27.096609139592893,-19.712296417850855,-6.363938063300068,-0.578779484596659,-1.332163210549873,1.371618903597524,2.7520275759465984,0,0,0,0,0,0,0,0,1,0.0,0.0,0.0,-1.1021064814814818,0.0,0.0,0.0,0.0,0.0,0.0,0.0,0.0,0.0,42.46456947923127,5.563451491696996,11.49902366656781,5.601050810983688,0.0,0.0,11.49902366656781,0.0,11.49902366656781,5.563451491696996,16.690354475090988,0.0,60.6636706846161,12.13273413692322,-0.1239078903166199,0,1,1,1,0,0,1
0,0,219.1758707340041,0,0,0,-190.2498647917793,9.845862628447804,-12.25635478637101,-4.42725797728502,2.452872423532241,-13.686497205696782,-30.682035334415005,-39.69199567333694,-1.013791238507296,19.30178474851271,23.9556517036236,133.26230394808016,-42.09734991887508,-274.44780962682535,-70.6533261222282,-1136.0382409446036,0.4528108707409395,-33.223102951331434,-6.8132044205531646,19.389646720994413,-6.194991772675982,3.3395897732690965,-16.47460970006278,0.1675362411054201,5.00972958065748,6.922107354221843,0.9879381783667468,1,0,1,0,0,0,0,2,0,0.0,0.0,-0.5876275510204085,0.0,0.0,0.0,0.0,0.0,0.0,0.0,0.0,0.0,0.0,56.1635828563123,11.374772549367124,5.917906046161393,0.0,0.0,11.814359458703011,0.0,11.374772549367124,11.814359458703011,17.795594172293132,12.84164324585202,10.017825047909064,0.0,60.6636706846161,-0.8681774376417237,0,1,1,0,0,0,0
0,0,128.03374808087824,0,0,0,-72.10405827263267,1.4349635796045752,5.196670135275754,5.14047866805411,-10.813670655567115,-9.625693721817552,-27.33603595791421,-17.416724476818136,-1.781499306278186,3.0364203954214504,-8.565036420395398,3.7648283038501695,-76.22060353798126,-30.738813735692,39.398543184183126,23.92686906132717,-0.2476393340270565,0.240532209385019,-8.859769732567527,-10.302083585127578,-2.069198860498409,3.837560365367736,4.527802645293031,0.0992854665279221,-1.157231131542764,-1.1817555255886454,2.734371993527521,0,0,0,0,0,0,0,0,0,0.0,0.0,0.0,-1.1392824074074075,0.0,0.0,0.0,0.0,0.0,0.0,0.0,0.0,0.0,60.6636706846161,0.0,0.0,5.538925252383345,0.0,5.907179729351506,0.0,4.794537184071822,5.907179729351506,0.0,11.126902983393991,0.0,0.0,60.6636706846161,-0.3519444444444441,0,1,1,0,0,0,0
0,0,126.88472558067288,0,0,0,21.030820491461892,-5.632236568096622,-1.698458975426907,4.448146605581006,-4.843387014669812,6.150087926326975,-4.499936369105475,0.8226375584247284,-12.168147531121289,18.66139108704706,60.239900041649285,-113.54310703873388,50.28154935443565,-9.291961682632234,11.254893794252409,-385.6053681064335,-0.0854635985006231,11.360718041636986,-19.579874181701417,-9.668090624631953,20.94466360099852,-15.97436484403819,3.23109749037513,-0.4036134233169039,-5.2561219381388895,-11.381231014573364,0.9950210533002156,2,1,4,0,0,0,0,0,0,0.0,0.0,1.9455394279625424,0.2838938098387502,0.0,0.0,0.0,0.0,0.0,0.0,0.0,0.0,0.0,25.4965990362844,6.103966387748303,5.783244946364939,0.0,0.0,0.0,0.0,0.0,11.51895685714508,23.034047508084505,50.86365740664347,11.993926152995275,0.0,0.0,2.6003137335180986,0,1,0,0,0,1,0
0,0,205.57289503579617,0,0,0,3.409687641466726,-1.4300588501584364,-7.443639655952921,-8.579900407424178,-3.4232684472612043,15.023037070569888,3.0508777224485684,-15.00037724460541,-21.90909662491828,27.35174287007696,-7.68039837030328,4.499773653236787,1.509280217292876,-48.57265731100045,-137.03349932095972,-45.88288583950754,0.2783999999999949,-1.0254068808172887,1.1842308064554772,6.33266128384377,8.105293295965225,4.148794347413843,3.9358208675091992,-0.3017264366818185,-1.1716855942017534,-5.368636812473106,1.8245372056202969,3,0,2,0,0,0,0,2,0,0.0,0.0,0.1904397098345507,0.0,0.0,0.0,0.0,0.0,0.0,0.0,0.0,0.0,0.0,43.52793314262447,12.586597235060536,0.0,0.0,11.814359458703011,0.0,0.0,0.0,30.318862739924946,6.544756405912575,38.648864520542624,17.54772460632,0.0,15.866186530162564,0.4607420529940371,0,0,0,0,0,1,1
0,0,199.44843088048384,0,0,0,9.352537722908089,-2.427983539094646,3.3278463648834,2.4677640603566524,28.179517222984305,-24.35983939186099,-36.02280759411676,22.65088925087639,-33.436530730833724,1.8312757201646117,73.12757201646093,-72.89849108367623,-79.66255144032928,104.7352537722908,6.467764060356659,362.7828945854699,-0.640525205761313,14.604619575924406,-13.548592964780752,-24.80428597949133,30.82303194441841,2.145273392236273,3.858958084939213,-0.4541925692437906,-4.103427477546023,-10.981148188939418,0.9950243309920416,3,3,4,0,0,0,0,0,0,0.0,0.0,-0.3699107142857145,-2.63273886946754,0.0,0.0,0.0,0.0,0.0,0.0,0.0,0.0,0.0,25.4965990362844,6.103966387748303,12.207932775496603,11.566489892729878,0.0,0.0,0.0,0.0,28.9519535542459,12.84164324585202,24.835569398847294,0.0,12.152040213667762,12.999757306524504,-0.2265388298787007,0,1,0,0,0,1,0
0,0,83.76233765853561,0,0,0,13.524444444444448,1.8399999999999963,6.040000000000003,2.5200000000000014,-7.537083333333331,-45.277708333333344,-2.5414583333333325,3.7535416666666688,5.82,3.084444444444424,20.826666666666632,87.1822222222222,-240.99555555555548,70.29333333333335,55.61333333333334,483.54125662611534,-0.1980982222222247,18.39252117996545,-13.269323674302246,-5.579452065211491,-9.613779607025702,8.227942785396966,3.0020860782428995,-1.334603174603175,3.9681768592137687,-12.358459479728984,0.9880063564978824,1,0,0,0,0,0,0,0,0,0.0,0.0,0.0,-1.0699305555555556,0.0,0.0,0.0,0.0,0.0,0.0,0.0,0.0,0.0,37.255572541998674,6.668691188899143,0.0,5.41499046939678,11.814359458703011,0.0,0.0,0.0,18.483050647602152,6.4208216229260096,5.563451491696996,0.0,0.0,37.255572541998674,-0.4352777777777772,0,0,0,0,0,0,0
0,0,55.800200587594034,0,0,0,46.69897959183674,0.75,2.25,0.0,-19.960193452380956,-92.25661670918367,22.18858949829933,-43.8117825255102,0.0,-1.142857142857138,110.48469387755104,52.92857142857142,-329.1683673469387,-105.65816326530611,0.0,-153.53345641129647,-0.2555000000000022,14.428291462416375,-19.956251731628434,21.42120500710783,4.554178387841215,4.314095166242979,0.0,-0.7287414965986398,1.122579490048342,-13.935328098627068,0.9872287145367864,3,0,1,0,0,0,0,0,0,0.0,0.0,-0.1383333333333336,-1.1032638888888893,0.0,0.0,0.0,0.0,0.0,0.0,0.0,0.0,0.0,20.771211599071872,0.0,5.41499046939678,0.0,11.814359458703011,0.0,0.0,4.794537184071822,5.917906046161393,6.4208216229260096,0.0,0.0,20.771211599071872,0.0,-1.131388888888889,0,0,0,0,0,0,0
0,2,562.1803927155408,0,0,1,-11.705210277610668,0.0724698042482281,1.685131195335277,-4.825489379425241,-2.2366666177869683,2.859052704440772,-1.092047441112817,-0.4262007631454172,-1.547635171571872,42.86214077467725,69.52394835485221,-55.32069970845477,252.9408579758434,12.655976676384832,-48.904623073719264,346.4386531416821,0.4306855476884633,25.650462269894128,20.94945678688508,8.32862425852679,-22.68011564548029,8.82371509031151,-6.820352088796749,0.1067160802340588,-0.4023286740769562,-0.8112818161344232,0.6606439083979898,6,0,0,0,0,0,0,3,0,0.0,0.0,0.0,0.0,0.0,0.0,0.0,0.0,0.0,1.84046517687526,0.0,0.0,0.0,35.49555897654685,11.374772549367124,0.0,0.0,0.0,0.0,0.0,11.374772549367124,0.0,0.0,24.53296774849249,47.34476512405297,0.0,17.828252017852726,0.0,0,0,0,0,0,1,1
0,0,152.45322496287986,0,0,0,40.658953364186544,-3.076539693841236,-0.7718049127803451,0.2438590245639046,-12.471727779755549,-9.479282860646329,-5.324230647521849,-10.885605790910173,-2.235750168110442,22.765396938412216,86.27376290494836,-151.14346742613031,-89.89996440014235,-23.5820576717693,77.01281594873622,-246.29284859933267,0.0812086863652543,13.124894571168962,-14.674750774016251,-19.495498370941927,35.91376785137636,-7.550835122184475,5.150535958759854,-0.3318336381826886,-5.186561875559546,-10.674749120319966,0.9950189574590798,3,1,4,0,0,0,0,0,0,0.0,0.0,2.5325157732846217,0.5015186051272363,0.0,0.0,0.0,0.0,0.0,0.0,0.0,0.0,0.0,19.420578929450517,0.0,5.783244946364939,5.783244946364939,0.0,0.0,0.0,0.0,10.82998093879356,17.48439593889127,43.43700463018821,31.256391021773304,6.923737199690624,6.076020106833881,3.2902953870240577,0,1,0,0,0,1,0
1,1,22.902947754484696,0,0,0,10.85121107266436,-3.3114186851211094,0.0,0.0,3.306805074971166,-29.584775086505186,3.1141868512110724,0.0,0.0,-5.588235294117641,-13.785467128027667,-17.885813148788927,-83.6159169550173,0.0,0.0,0.0,-0.3862000000000006,-10.148619406639783,-1.2322922739683824,2.3165378816218816,1.5893330468143307,0.0,0.0,-0.5975420594201172,-7.177562917325547,6.296116022101956,1.855895515540074,1,0,1,0,0,0,0,0,0,0.0,0.0,-0.2685185185185188,0.0,0.0,0.0,0.0,0.0,0.0,0.0,0.0,0.0,0.0,0.0,0.0,6.041840829147961,0.0,0.0,0.0,0.0,0.0,6.041840829147961,0.0,19.386399651764595,0.0,0.0,0.0,-0.7199074074074072,0,1,1,0,0,0,0
0,1,140.2920323909354,0,0,0,-105.20888888888884,2.479999999999997,-16.319999999999997,2.880000000000005,-2.1371330589849125,5.431522633744858,-1.2182167352537754,-5.001947873799727,-2.6057887517146736,40.48000000000003,109.52,4.320000000000004,23.319999999999983,-225.27999999999997,-223.68,-1707.2725946336122,0.3428526250000016,25.665628066960583,6.704787851831133,30.416814012082487,-38.377253216450576,-37.17152883261126,-28.178720929466568,0.2576176176176176,-1.5546428367624936,-1.3907284654290892,0.6606495265405714,2,0,1,0,0,0,0,2,0,0.0,0.0,0.4992705971277396,0.0,0.0,0.0,0.0,0.0,0.0,1.8664611678004528,0.0,0.0,0.0,36.027353223237554,11.374772549367124,0.0,0.0,0.0,0.0,0.0,11.374772549367124,0.0,6.041840829147961,6.544756405912575,21.165739500402672,0.0,11.761884949391115,0.0,0,0,0,0,0,1,1
0,0,73.68384403371725,0,0,0,-96.0,2.5,-4.75,2.0,-4.184320987654318,6.941327160493831,-17.1,-2.6899691358024693,-19.356234567901232,8.599999999999987,72.75555555555553,1.0577777777777784,-63.648888888888905,-45.95555555555557,-70.63111111111112,-412.2032251632579,0.0207799999999958,7.638205137187337,2.379819962190588,-13.216295589382057,-16.320864212451664,-14.641371084267895,14.49097177295549,-0.7892662473794549,2.8728837181266007,5.469091330786429,0.9887254373951558,2,0,1,0,0,0,0,0,2,0.0,0.0,0.0411460695389267,0.0,0.0,0.0,0.0,0.0,0.0,0.0,0.0,0.0,0.0,12.13273413692322,6.103966387748303,0.0,11.49902366656781,0.0,0.0,11.49902366656781,4.794537184071822,6.103966387748303,11.49902366656781,0.0,7.04767198267719,18.19910120538483,19.913841467842857,0.9876388888888892,0,0,0,0,0,0,0
0,1,302.44636811132176,0,0,0,-28.75,-1.230624999999996,0.5231249999999983,-5.915625,2.26736111111111,3.972222222222223,-11.928819444444445,1.439236111111111,-4.578125,6.25,-8.75,-39.0,7.5,61.25,-51.25,656.2196855670092,-0.1163510000000002,-3.955313501992279,15.824828465079726,-10.94031429243056,-21.624639536265292,8.687959049342778,-10.876544845420929,0.15625,-1.0291716340096653,3.3675766406973167,0.9889408912213488,4,0,2,2,0,0,0,0,1,0.0,0.0,-0.1309501915499396,0.0,0.0,0.0,0.0,0.0,0.0,0.0,0.0,0.0,0.0,50.2456768101509,0.0,18.460360185545124,0.0,0.0,0.0,5.749511833283905,0.0,0.0,19.193479199573453,16.521960262213497,0.0,0.0,30.33183534230805,0.8210156840513985,0,0,0,0,1,0,0
0,0,67.92598608030492,0,0,0,-18.512000000000008,-0.593600000000001,-1.848,-0.5199999999999995,1.8277777777777773,-18.02906666666667,18.714666666666663,-1.7886666666666642,-1.5633333333333312,-1.3599999999999923,15.169600000000017,37.52,-52.96639999999999,-34.27200000000001,3.1999999999999944,-320.1352160453797,-0.2025640000000011,-3.506696443949582,-7.795153983618956,-2.3991297610669813,-3.140169925231548,-7.649982566964177,-3.303986477365906,-1.203490909090909,0.937872647486268,1.8299734679685664,0.9879437955783787,2,0,0,0,0,0,0,0,1,0.0,0.0,0.0,0.0,0.0,0.0,0.0,0.0,0.0,0.0,0.0,0.0,0.0,6.923737199690624,12.170333456209914,5.749511833283905,0.0,0.0,0.0,5.749511833283905,0.0,11.718817121235755,12.170333456209914,6.4208216229260096,24.26546827384644,0.0,6.923737199690624,-0.200100439867304,0,0,0,0,0,0,0
0,0,43.12388268752167,0,0,0,-24.62887377173092,1.1156462585034017,1.721088435374149,0.82312925170068,-6.472049588010789,-12.987381372302009,-2.109174808469342,-11.041898789694208,1.3903679441598316,-3.142857142857136,77.22448979591839,-38.612244897959215,-172.8367346938776,-162.8775510204082,32.38775510204081,-303.02778013899183,-0.1936666666666702,-17.56053927441917,4.916842235560407,-2.0356181664994284,-3.085110907305185,0.7886575901872778,2.1347208899807497,-0.2789503265693742,1.1774458079409584,7.77833477427104,0.6534416136958768,1,0,0,0,0,2,0,0,0,0.0,0.0,0.0,0.0,0.0,0.0,0.0,0.0,4.790124716553287,0.0,0.0,0.0,0.0,13.344558822616634,0.0,0.0,4.771065770590158,0.0,5.559266895052007,0.0,0.0,5.559266895052007,4.771065770590158,18.53557124070048,0.0,6.06636706846161,0.0,0.0,0,0,0,0,0,0,0
1,0,1153.563185296068,0,0,0,-2.4736842105263146,-3.713758079409052,-1.977839335180056,0.3924284395198527,-27.736029889538663,-16.07877637563694,11.151721897335928,-13.330383707807526,-27.552400738688824,-14.210526315789448,-57.274238227146775,-45.26315789473684,13.213296398891965,-116.62326869806094,-29.819944598337955,-565.8036548996754,-0.6183157894736795,-23.91627128506538,-7.076709568063017,2.673243210959001,-5.61660710226205,-5.712915582613346,2.04236008054306,0.0195937211449676,-1.575466014850838,-0.2423364955136089,0.9879355334063392,1,4,4,0,0,0,0,0,0,0.0,0.0,-1.7217820965595068,0.0,0.0,0.0,0.0,0.0,0.0,0.0,0.0,0.0,0.0,50.49028249580417,12.207932775496603,5.783244946364939,0.0,0.0,0.0,0.0,0.0,30.460700284539744,25.68328649170404,19.26246486877803,0.0,12.152040213667762,12.152040213667762,-1.2594373524426516,0,1,0,0,0,0,0
0,0,98.89507240551396,0,0,0,-43.02393340270551,5.068678459937568,-5.160249739854319,7.4932362122788705,-12.789368713146033,-16.379032258064523,7.229593016533707,-15.792490461325016,-1.3635969476240013,11.165452653485934,106.8459937565036,13.27887617065558,-206.483870967742,-15.135275754422493,-111.73361082206034,235.3567232871625,-0.2737983350676413,31.673133888462225,-26.857705641185166,-12.997403410991351,-4.889821705667225,10.961818680309124,-14.815991750435243,-1.0938525574321625,-5.336958233175466,3.1233279013171624,0.9935484663812102,2,0,1,2,0,0,1,0,0,0.0,0.0,-0.5885737906273623,0.0,0.0,0.0,0.0,0.0,0.0,0.0,0.0,0.0,0.0,0.0,18.976042868425417,0.0,11.16387793838399,0.0,5.559266895052007,0.0,0.0,6.544756405912575,11.16387793838399,4.567099647791355,17.942091705233086,18.53850883015917,0.0,0.0,1,0,0,1,0,0,0
0,0,36.76857029015853,0,0,0,9.387755102040815,-0.4081632653061228,0.7346938775510206,0.0,2.065759637188208,-2.2154195011337863,0.7256235827664407,0.9070294784580502,0.0,5.8775510204081725,-21.6938775510204,-5.122448979591834,-23.79591836734695,14.87755102040816,0.0,86.38173477266487,-0.0768000000000001,2.2890007713515064,2.415935439072797,-0.5980095430533288,-0.0492089044738823,0.5398292225147929,0.0,-1.336734693877551,-4.524525018438601,-7.990268537899428,2.8396034296058783,0,0,0,2,0,0,4,0,0,0.0,0.0,0.0,0.0,0.0,0.0,0.0,0.0,0.0,0.0,0.0,0.0,0.0,0.0,6.196843571613076,11.844020792380803,5.647177220767728,0.0,0.0,0.0,0.0,0.0,5.647177220767728,5.516700717616262,6.3273200747645415,18.59053071483923,0.0,0.0,0,0,0,0,1,0,0
0,0,50.64895363441994,0,0,0,-19.410150891632377,2.5432098765432105,-0.7777777777777783,1.9012345679012337,3.991760021338208,-3.22105899337838,-0.2568417754746043,-2.65775986892242,0.9914721248454684,13.234567901234575,-53.0864197530864,13.00000000000001,0.0123456790123395,-81.88888888888889,36.0864197530864,-293.77377553706435,0.0121984567901226,-10.707550010578997,3.325495363865003,-10.757729052278975,5.207980458465982,-0.2868064093899991,-2.805692391701003,-2.3828875171467767,-0.882035932228805,-6.506063892451597,0.6309240722529939,0,0,0,2,0,0,4,0,0,0.0,0.0,0.0,0.0,0.0,0.0,0.0,0.0,0.0,1.4936356764928191,0.0,0.0,0.0,11.761884949391115,6.196843571613076,5.516700717616262,10.803613702588436,0.0,0.0,0.0,0.0,0.0,5.647177220767728,10.673137199436969,11.761884949391115,18.59053071483923,6.255769183511404,0.0,0,0,0,0,1,0,0
0,0,41.85719450647461,0,0,0,9.952592592592588,-1.1733333333333336,0.7511111111111112,0.0,0.4331214753848484,-0.1432586495960959,1.0293187014174687,0.4749900929736325,0.0,-2.839999999999997,9.240000000000007,-50.44,62.67999999999999,-47.84,0.0,-88.6112915722121,-0.2663195555555573,-11.499019249728637,12.411242068863222,-0.9411152398310888,3.237147925001836,-2.1069520681449534,0.0,-1.137595841455491,-1.9472542939859216,-15.557217342420394,0.6534489738935036,0,0,0,2,0,1,3,0,0,0.0,0.0,0.0,0.0,0.0,0.0,0.0,0.0,4.805032123960695,0.0,0.0,0.0,0.0,0.0,6.196843571613076,5.516700717616262,10.418242991357886,0.0,0.0,0.0,0.0,0.0,10.418242991357886,5.516700717616262,0.0,18.59053071483923,0.0,0.0,0,0,0,0,1,0,0
0,0,49.79034374184389,0,0,0,-22.19615912208505,3.7654320987654337,2.506172839506172,1.8148148148148144,2.707447416552353,-4.880595988077698,-4.490930202035596,1.5663855442090482,1.724740258090739,13.234567901234575,-68.0864197530864,40.444444444444464,-111.60493827160496,52.98765432098764,50.703703703703695,117.16526959345204,0.0121984567901226,-0.1055680551790008,2.2110293725730137,-5.571114028097995,6.656706858813965,-2.029060866412008,2.329894575866988,-2.303813443072702,0.8432265853509733,-10.786681770033594,0.6309231435971262,0,0,0,2,0,0,4,0,0,0.0,0.0,0.0,0.0,0.0,0.0,0.0,0.0,0.0,1.5446759259259255,0.0,0.0,11.761884949391115,0.0,0.0,16.869980771050045,5.647177220767728,0.0,0.0,0.0,0.0,0.0,5.647177220767728,10.542660696285502,6.3273200747645415,24.155572092617263,6.255769183511404,0.0,0,0,0,0,1,0,0
0,0,41.88526368015496,0,0,0,12.471111111111114,-0.1733333333333336,0.7511111111111112,0.0,0.6989650967840265,-0.9396463953665593,0.7014266117969827,0.7277564395671393,0.0,-2.839999999999997,-5.759999999999993,39.56,-96.32,21.16,0.0,98.63433370745167,-0.2663195555555566,-0.897037294328642,9.38117956338223,-0.8309670658886759,-1.4148571933785634,0.8129622633936364,0.0,-1.533307342430149,5.32104656552084,-15.466154338867128,0.6534487728829874,0,0,0,2,0,1,3,0,0,0.0,0.0,0.0,0.0,0.0,0.0,0.0,0.0,4.920092592592592,0.0,0.0,0.0,0.0,12.217873443046695,6.3273200747645415,5.516700717616262,10.28776648820642,0.0,0.0,0.0,0.0,0.0,15.804467205822682,0.0,6.3273200747645415,12.393687143226153,0.0,0.0,0,0,0,0,1,0,0
0,0,50.64895363442001,0,0,0,-31.401920438957475,1.765432098765433,0.6049382716049374,3.1111111111111107,3.4121799268404187,-3.316431057257531,-2.561162128063133,-0.5914007857880735,0.6248380582228332,13.23456790123458,-68.0864197530864,-34.55555555555554,27.037037037037027,-10.654320987654332,78.1111111111111,-341.2049282828437,0.0121984567901226,-0.1055680551790012,-5.36089007734598,12.113319934679977,-5.808299558611987,-12.141575379270984,9.46337463985796,-1.7151714677640604,-9.634041316813567,-8.143067446584709,0.6309216427093508,0,0,0,2,0,0,4,0,0,0.0,0.0,0.0,0.0,0.0,0.0,0.0,0.0,0.0,1.5496164021164018,0.0,0.0,11.761884949391115,0.0,12.393687143226153,16.869980771050045,5.647177220767728,0.0,0.0,0.0,0.0,0.0,5.647177220767728,10.542660696285502,6.3273200747645415,24.155572092617263,6.255769183511404,0.0,0,0,0,0,1,0,0
0,0,41.85719450647461,0,0,0,4.839506172839503,-2.0400000000000005,0.7511111111111112,0.0,1.4719189147995726,-1.7681557689376617,0.0607300716354218,0.7277564395671393,0.0,-2.8399999999999963,-5.7599999999999945,-99.84,43.08,21.16,0.0,98.63433370745167,-0.2663195555555566,-0.8970372943286425,-4.062457000035348,12.612669497528891,-11.097710625330375,0.8129622633936332,0.0,-0.82283950617284,-14.663588899169032,-0.4853585259436,0.6534351577245914,0,0,0,2,0,1,3,0,0,0.0,0.0,0.0,0.0,0.0,0.0,0.0,0.0,4.861012849584278,0.0,0.0,0.0,0.0,12.217873443046695,12.393687143226153,16.484610059819495,5.647177220767728,0.0,0.0,0.0,0.0,0.0,10.28776648820642,5.516700717616262,6.3273200747645415,12.393687143226153,0.0,0.0,0,0,0,0,1,0,0
0,0,27.609117229316844,0,0,0,1.102040816326534,-2.23469387755102,0.8265306122448978,0.0,-5.777777777777779,-5.621315192743764,-4.421768707482993,3.0657596371882088,0.0,-4.285714285714279,1.3877551020408214,-30.28571428571428,-6.938775510204088,25.51020408163265,0.0,133.13840777274925,-0.4284000000000006,-9.43357436980915,5.935048109670607,-2.4304804468396943,0.049318701512331,0.8017645383139641,0.0,-0.9948979591836734,-7.073524623238988,-15.658306945768818,2.8391573319218573,0,0,0,0,1,0,2,0,0,0.0,0.0,0.0,0.0,0.0,0.0,0.0,0.0,0.0,0.0,0.0,0.0,0.0,0.0,6.196843571613076,5.693927994848461,0.0,0.0,5.907179729351506,0.0,0.0,5.693927994848461,0.0,0.0,18.59053071483923,0.0,0.0,-0.5526851851851851,0,0,0,0,0,0,0
0,0,83.64277482159734,0,0,0,-7.77514792899408,1.5976331360946716,6.14201183431953,2.603550295857989,0.4878369493754107,-1.2504930966469423,-1.4950690335305714,1.1242603550295869,0.6627218934911246,11.094674556213054,-14.792899408283986,2.071005917159772,-73.66863905325444,51.03550295857987,26.03550295857988,459.5796309853953,0.0543639053254422,-3.2348595789639027,0.4528803410549455,-16.10960070324023,-7.1166910737205855,11.160265547425464,5.693352858976469,-0.6767751479289941,0.2914001283421912,-7.826174875475935,2.7753641613490347,0,0,0,6,0,0,0,0,0,0.0,0.0,0.0,0.0,0.0,0.0,0.0,0.0,0.0,0.0,0.0,0.0,0.0,60.6636706846161,0.0,0.0,0.0,0.0,0.0,0.0,0.0,0.0,0.0,0.0,32.31734528678877,0.0,0.0,0.0,0,0,0,0,0,1,0
0,1,172.09945801180848,2,0,0,-20.078125,-0.796875,-6.28125,-4.90625,5.719943576388889,-1.5429687500000009,3.298936631944443,-2.250217013888889,-16.376085069444443,23.546875,-12.796875,-45.078125,95.0625,-84.28125,-100.15625,-570.5661387281896,0.111793750000003,5.2554172110722455,-3.509247426608748,5.914692760522625,1.3431256614002565,-7.8250334056091395,-4.563829237743913,0.042652027027027,-2.603949015340105,-6.447762799382607,0.9975707310193414,2,1,4,2,0,0,1,1,1,3.979849799827808,0.0,0.8881372150176253,0.0,0.0,0.0,0.0,0.0,0.0,0.0,0.0,0.0,6.578935683598497,6.076020106833881,18.730464646642098,5.749511833283905,0.0,0.0,0.0,5.749511833283905,0.0,6.041840829147961,11.835812092322788,41.72622269181311,6.4208216229260096,13.30664111289061,24.26546827384644,2.006859364881551,0,0,0,0,1,0,1
0,1,172.09945801180848,2,0,0,-20.078125,-0.796875,-6.28125,-4.90625,5.719943576388889,-1.5429687500000009,3.298936631944443,-2.250217013888889,-16.376085069444443,23.546875,-12.796875,-45.078125,95.0625,-84.28125,-100.15625,-570.5661387281896,0.111793750000003,5.2554172110722455,-3.509247426608748,5.914692760522625,1.3431256614002565,-7.8250334056091395,-4.563829237743913,0.042652027027027,-2.603949015340105,-6.447762799382607,0.9975707310193414,2,1,4,2,0,0,1,1,1,3.979849799827808,0.0,0.8881372150176253,0.0,0.0,0.0,0.0,0.0,0.0,0.0,0.0,0.0,6.578935683598497,6.076020106833881,18.730464646642098,5.749511833283905,0.0,0.0,0.0,5.749511833283905,0.0,6.041840829147961,11.835812092322788,41.72622269181311,6.4208216229260096,13.30664111289061,24.26546827384644,2.006859364881551,0,0,0,0,1,0,1
0,0,102.92884690665755,2,0,0,-60.11395178962747,-0.3973703433162949,9.561723886048217,6.518626734842954,-2.6171171171171093,-60.57437505072642,-13.289013675838,-68.9794456618781,6.427679368557755,8.68809349890431,56.56026296566836,25.10810810810811,-174.77209642074504,-256.69247626004375,200.0248356464573,-521.2925338001683,-0.1923623082542013,15.074079097885743,-26.81575838192183,12.790981205869404,-41.3588236185755,21.08826732317239,10.84260037941403,0.1809445167847046,-2.495313742553154,-2.9376017868928934,0.988004671874763,1,1,2,0,0,0,0,0,0,0.0,0.0,1.0852371504157214,-1.1714583333333328,0.0,0.0,0.0,0.0,0.0,0.0,0.0,0.0,0.0,12.999757306524504,0.0,5.41499046939678,0.0,11.814359458703011,0.0,0.0,4.794537184071822,0.0,18.2566337152488,18.414747775921285,12.84164324585202,0.0,6.923737199690624,0.1617186318972031,0,1,0,0,0,0,0
0,0,48.4020691987881,0,0,0,-11.733948481353329,0.1695501730103816,0.0,0.0,-29.947828707856893,-34.13994053806465,-15.622814527650808,0.0,0.0,60.280276816609,-28.179930795847746,4.619377162629757,-69.2491349480969,0.0,0.0,0.0,-0.186860207612456,4.590303277097486,-15.526571705211136,4.773794410629234,6.05691547369747,0.0,0.0,0.0967532381444802,-3.944193074314588,-11.720180724837308,0.6442409014943689,0,0,0,0,0,0,0,0,0,0.0,0.0,0.0,0.0,0.0,0.0,0.0,0.0,0.0,0.0,0.0,0.0,0.0,12.13273413692322,5.563451491696996,4.895483475517775,0.0,0.0,15.930470882759089,0.0,0.0,10.45893496721477,0.0,0.0,12.13273413692322,12.13273413692322,4.722094864452088,-0.5503703703703702,0,1,1,1,0,0,1
0,1,89.59075586532138,0,0,0,-56.105263157894726,-8.554016620498617,1.1357340720221616,-10.159972299168974,-5.830279509079721,5.582366689750695,4.135964912280697,-12.935682132963992,-0.6096443136349592,-14.36842105263158,47.279778393351805,-165.48476454293632,97.30470914127427,-89.73407202216067,32.81440443213296,-405.60677050815184,-0.7035394736842104,-0.590377505088596,-14.012551536019576,-11.42457994009811,2.214849326431075,6.119083282661384,3.8000328748651424,0.5508297992302601,-13.876282690338774,2.0693203834297487,0.9899185793698612,5,0,1,0,0,0,0,0,0,0.0,0.0,-0.6526620370370375,-0.0578295855379189,0.0,0.0,0.0,0.0,0.0,0.0,0.0,0.0,0.0,6.06636706846161,12.71084835226122,5.749511833283905,0.0,0.0,0.0,5.749511833283905,0.0,17.89531905018017,17.671659389306566,0.0,6.06636706846161,12.13273413692322,20.771211599071872,0.0483616386369365,0,0,0,0,0,0,0
0,0,32.367049878049336,0,0,0,21.432525951557096,-2.408304498269895,0.6920415224913493,0.0,-13.32871972318339,-29.56978085351788,2.2837370242214505,2.7681660899653973,0.0,-12.941176470588236,7.79584775086505,-20.81314878892733,-70.31141868512111,20.934256055363324,0.0,123.01029772127418,-0.6347,-1.9386446553560852,-13.53039979154537,2.378626485260881,5.648541872800255,1.6395686224006862,0.0,-0.8017795353435491,-7.809125841119913,-17.08463273436257,2.7520342452547006,0,0,0,0,1,0,0,0,0,0.0,0.0,0.0,0.0,0.0,0.0,0.0,0.0,0.0,0.0,0.0,0.0,0.0,12.13273413692322,5.563451491696996,5.749511833283905,0.0,0.0,5.907179729351506,5.749511833283905,0.0,11.3129633249809,0.0,0.0,12.13273413692322,12.13273413692322,0.0,-0.6869444444444439,0,0,0,0,0,0,0
1,0,32.367049878049336,0,0,0,8.75,-2.515625,0.390625,0.0,-9.296875,-37.01041666666667,-3.265625,1.890625,0.0,-14.0,-1.25,-2.75,-59.5,12.25,0.0,68.51138507528621,-0.6864125000000001,-3.928588308667063,-11.79074922051168,4.509170196061126,4.929045224059685,1.0388934957515616,0.0,-0.5576923076923077,-7.247541343530702,-13.837752587032934,2.7520350546179637,0,0,0,0,0,0,0,0,0,0.0,0.0,0.0,0.0,0.0,0.0,0.0,0.0,0.0,0.0,0.0,0.0,0.0,12.13273413692322,0.0,11.3129633249809,0.0,0.0,0.0,5.749511833283905,0.0,11.3129633249809,0.0,0.0,12.13273413692322,12.13273413692322,0.0,-1.311944444444444,0,0,0,0,0,0,0
0,0,65.8156075027589,0,0,0,-12.636836628511954,2.893860561914672,3.4183142559833506,0.7023933402705516,-13.093674124176207,-68.70133107873745,-14.97350849809226,-23.34137617065557,-13.640977280610477,-0.709677419354823,103.73777315296566,95.09157127991674,-265.54006243496355,6.325702393340276,-34.7200832466181,326.7795440441547,-0.2197096774193574,12.73724325068764,-14.804384984539109,5.773892829405769,9.876076573019349,6.532975477997121,1.4772003713320905,-0.5109261186264309,4.496617427191994,-13.518184463956894,0.9871725105051428,3,0,1,0,0,0,0,0,0,0.0,0.0,-0.0874074074074078,-1.0945833333333337,0.0,0.0,0.0,0.0,0.0,0.0,0.0,0.0,0.0,27.19203322199788,0.0,5.41499046939678,0.0,11.814359458703011,0.0,0.0,4.794537184071822,5.917906046161393,12.84164324585202,0.0,0.0,6.923737199690624,13.847474399381248,-1.0446296296296291,0,0,0,0,0,0,0
0,0,97.54679253881405,0,0,0,-81.03265306122447,4.377142857142854,3.94122448979592,3.219591836734695,-13.97962585034013,-41.61770975056689,-31.81062925170068,-34.371360544217694,-10.032165532879816,-0.628571428571413,77.66285714285718,84.14775510204085,-191.80897959183676,-64.02612244897965,5.999183673469373,171.162694065988,-0.1946000000000016,9.306721648342188,-17.802013693536235,-5.188083452941084,-6.3584386453776105,14.879762036713274,-1.1926147250163486,0.1088435374149659,2.532078392892426,-4.101840890158555,0.9878395604606932,2,1,1,0,0,0,0,0,0,3.5853231292517007,0.0,-0.1401851851851856,-1.2027083333333333,0.0,0.0,0.0,0.0,0.0,0.0,0.0,0.0,6.578935683598497,26.344316129141134,0.0,5.41499046939678,0.0,11.814359458703011,0.0,0.0,4.794537184071822,12.338727669087405,0.0,12.84164324585202,0.0,6.076020106833881,13.847474399381248,-1.1825925925925924,0,0,0,0,0,0,0
0,0,381.1017018481936,0,0,0,-28.173010380622834,-6.25,-25.0,-15.5,-16.80769565792003,-35.43867592993079,-7.241960724240675,-6.836180795847748,-19.79684796712803,19.896193771626265,96.28719723183384,-128.2698961937716,-109.20415224913496,24.69204152249135,-288.7370242214534,274.0531611334057,0.0698691608996692,1.652392838108557,-30.963020201062708,18.769791509730936,-11.073441901965298,8.316809147721896,-62.090893552462624,-0.3142310240742102,-5.478255815010161,-0.9866937823549644,0.987395209070857,5,3,7,0,0,0,0,0,2,0.0,0.0,0.2440919026339494,-0.4835129134617324,0.0,0.0,0.0,0.0,0.0,0.0,0.0,0.0,0.0,38.99927191957352,17.93977848007109,12.207932775496603,0.0,0.0,0.0,0.0,0.0,36.48527102048771,24.17453976141019,25.68328649170404,5.573104530069267,0.0,20.771211599071872,0.7758697529846168,0,0,0,0,1,0,0
0,0,42.1213197071473,0,0,0,-2.946745562130183,-6.402366863905324,2.781065088757396,1.1834319526627215,35.58431952662722,-0.5981262327416164,-0.8658777120315573,-1.3067061143984215,-0.0637738330046017,-38.20710059171597,-75.301775147929,30.816568047337288,-11.78698224852072,11.508875739644964,22.57988165680473,152.16614657694294,-1.959655621301777,-11.414976020419994,-8.148582986121198,-0.9294355871877452,-0.9612439255504408,4.473860424535859,2.3111816861229038,-0.3942980096826251,-3.560486637255392,-3.769785583878949,1.985247414797504,2,0,4,0,0,0,0,0,0,0.0,0.0,-6.391944444444444,0.0,0.0,0.0,0.0,0.0,0.0,0.0,0.0,0.0,0.0,0.0,13.213763929025836,24.41586555099321,0.0,0.0,0.0,0.0,0.0,0.0,0.0,0.0,0.0,0.0,0.0,0.0,0,0,0,0,0,0,0
0,0,286.8577430951462,0,0,0,27.28466063483532,-1.0002687449610317,-20.260951357162057,6.377049180327871,-17.380742995028037,9.684773312335109,-23.48649545050539,-18.86159348804048,-9.346918639951433,49.61031980650365,195.75436710561664,-323.4676162321957,200.61381349099707,-122.91937651169036,-140.85245901639345,-1021.4650990558504,0.1770281107229309,11.524013054849805,-12.346743138005625,-0.449766487666086,11.040938194755286,-36.97172854962531,-20.28296542338214,-0.4088400194348205,-5.215833858396868,-10.205269274514228,0.659356332979651,3,1,4,0,0,0,0,0,1,0.0,0.0,1.688950302343159,-0.1958696958721757,0.0,0.0,0.0,0.0,0.0,1.497111336818678,0.0,0.0,0.0,31.18246387884163,0.0,5.601050810983688,10.89852187655066,0.0,0.0,0.0,0.0,38.54879694426192,30.5953613843362,44.94575136048208,17.334989479460383,6.923737199690624,6.076020106833881,1.6718284581713514,0,2,1,0,0,1,0
0,0,126.88472558067278,0,0,0,10.531334102268351,-7.1384083044982605,-1.6332179930795887,7.152249134948092,-4.968895510273826,7.717085309069169,-6.749241744628129,-3.084155666623948,-11.525748643684055,20.311418685121115,51.894271434063846,-137.64898116109188,84.32141484044595,-26.38485198000769,19.42022299115725,-486.4641781703861,-0.071624567474047,9.504672604295552,-25.58387979811978,-2.244909403818453,17.964823834081283,-17.528895494506944,6.004324276658024,-0.2824765547817538,-6.154268519635271,-9.926322259119749,0.9950188686624653,2,0,5,0,0,0,0,0,0,0.0,0.0,2.946598114554462,0.5977664792768959,0.0,0.0,0.0,0.0,0.0,0.0,0.0,0.0,0.0,13.847474399381248,6.103966387748303,5.783244946364939,0.0,0.0,0.0,0.0,0.0,11.51895685714508,17.116141461923114,43.43700463018821,32.10410811463005,0.0,0.0,3.5215501254514145,0,1,0,0,0,1,0
0,1,202.43885072624184,2,0,0,-50.03847894975104,7.52195563603441,9.609778180172018,10.63286555002263,-7.850585986620392,1.5437792364569176,-9.56511556259745,-11.861862456616867,-4.235529525677784,42.65459483929383,6.926210955183371,-66.2354006337709,-12.017202354006336,-0.8583069262109841,51.01584427342688,374.1322915997183,0.3658373019465804,6.323444490299156,-6.09808088660257,-22.958445657993288,-7.610126212483408,12.912269654641676,13.316644994561695,-0.1286117918858587,-1.4635012572069472,-6.34183455946786,1.8960195760918168,3,1,5,0,0,0,0,2,1,0.0,0.0,2.0652078609221456,0.1302777777777777,0.0,0.0,0.0,0.0,0.0,0.0,0.0,0.0,0.0,29.848225842287977,25.17351080433519,0.0,0.0,5.907179729351506,0.0,0.0,5.687386274683562,17.42613658649659,36.947197338057634,6.544756405912575,30.63723741814515,5.573104530069267,0.0,1.3497089947089949,0,2,2,0,0,1,1
0,0,60.13786015545627,0,0,0,-2.839506172839505,-2.979166666666665,0.680555555555554,-0.7291666666666674,-44.25974523343431,-52.13856515417811,15.964202680850862,-30.292905938023928,23.019742458990628,80.33333333333333,59.99999999999999,-111.44444444444449,-21.33333333333335,-48.1111111111111,94.00000000000004,-125.79474005371983,-0.4617749999999988,-1.5969223295717925,-9.033197140557576,1.3408452461491716,-4.621790462063894,1.151462071730583,-1.8604267389666544,0.7993827160493826,-8.499140558718562,-4.228889656080578,0.6442363959277635,1,0,0,0,1,0,0,0,0,0.0,0.0,0.0,0.0,0.0,0.0,0.0,0.0,0.0,0.0,0.0,0.0,0.0,0.0,4.895483475517775,0.0,0.0,5.907179729351506,10.023291153407584,0.0,5.687386274683562,4.895483475517775,5.687386274683562,6.923737199690624,24.26546827384644,0.0,4.722094864452088,-0.6233101851851843,0,0,0,0,0,0,0
0,0,95.3399156951146,0,0,0,-26.620332266422807,-4.026063100137174,0.017832647462277,-0.8285322359396433,-15.090547680739723,-14.256087340833696,5.2849146236364914,-39.05204211285919,12.226577597513176,79.07133058984914,-1.3058984910836866,-52.51851851851852,33.84499314128944,-155.7517146776406,39.18792866941016,-337.806929955806,-0.4765999999999999,11.00358527324796,-31.40523299692549,-11.105798070815208,5.121440167140189,8.966244752299072,1.8764670699523816,0.32975875168592,-7.908673176988873,-2.883730003021425,0.644237791590184,0,0,0,0,1,0,2,0,0,0.0,0.0,0.0,0.0,0.0,0.0,0.0,0.0,0.0,0.0,0.0,0.0,0.0,0.0,4.895483475517775,0.0,0.0,5.948339280986494,10.023291153407584,0.0,11.635725555670057,10.84382275650427,5.687386274683562,0.0,36.65915541707259,6.06636706846161,0.0,0.0317824074074075,0,0,0,0,0,0,0
0,0,97.95914792282254,0,0,0,12.767901234567908,-3.4444444444444478,-0.8888888888888884,-2.4444444444444446,-19.13694558756287,-20.96275339125132,24.734091601889947,-65.67108672458467,9.04059975613474,87.3600000000001,58.80000000000002,-85.39999999999999,59.92,-231.99999999999991,-25.68000000000002,-347.754582697795,-0.4027645555555554,8.864981765819213,-25.5712168307228,3.55822451090422,0.6481208754285679,16.489081600332675,-2.5601122579941755,0.2405655117483075,-8.680091813374014,-5.954542339635067,0.6442358866679805,1,0,0,0,1,0,2,0,0,0.0,0.0,0.0,0.0,0.0,0.0,0.0,0.0,0.0,0.0,0.0,0.0,0.0,0.0,4.895483475517775,0.0,0.0,5.948339280986494,10.023291153407584,0.0,11.635725555670057,10.84382275650427,11.381314269532025,0.0,30.462311845459517,12.990104268152232,0.0,0.047986111111111,0,0,0,0,0,0,0
0,0,100.52723470734333,0,0,0,84.54769921436586,-1.8677685950413263,-1.793388429752065,-3.884297520661157,-23.413964750384505,-33.61155316413922,50.17406749248313,-89.2208777984358,6.149709937635492,94.21028466483016,112.74563820018368,-114.72727272727268,-19.83930211202937,-304.4839302112029,-83.70615243342517,-359.8356918417705,-0.3414729109274554,6.716794353751751,-19.73751118129921,6.360334195771566,2.512595570857893,23.98282616101004,-6.854537306194526,-0.001536204267745,-9.05386748764501,-4.973224933166947,0.6442339908970145,2,0,0,0,1,0,2,0,0,0.0,0.0,0.0,0.0,0.0,0.0,0.0,0.0,0.0,0.0,0.0,0.0,0.0,0.0,4.895483475517775,0.0,0.0,5.948339280986494,10.023291153407584,0.0,11.635725555670057,10.84382275650427,17.075242264380485,0.0,24.26546827384644,19.913841467842857,0.0,0.064189814814815,0,0,0,0,0,0,0
0,0,84.27327619789799,0,0,0,24.086167800453524,-4.108418367346941,-0.1058673469387755,-2.1670918367346936,-20.062551724650767,-19.348302206685133,33.588022233070184,-56.37210637212704,4.881112585208976,86.22448979591837,63.408163265306136,-129.79591836734693,56.59183673469387,-181.69387755102045,-13.959183673469386,-272.2502864442183,-0.0493693877551028,-6.312215418147949,-18.02142774578511,5.094221482754059,-3.2513175891223067,9.66370423607374,-6.188586884752744,-0.1181875048870123,-10.358606162826629,-2.141373442601833,0.6442361488484122,1,0,0,0,1,0,1,0,0,0.0,0.0,0.0,0.0,0.0,0.0,0.0,4.768418419837071,0.0,0.0,0.0,0.0,0.0,5.156663257125445,4.895483475517775,5.760247418874442,5.817862777835028,0.0,10.023291153407584,0.0,11.50524905251859,10.713346253352803,11.447633693558004,0.0,30.33183534230805,6.923737199690624,0.0,0.679936224489796,1,0,0,0,0,0,0
0,0,37.08085491347229,0,0,0,22.721144967682356,-5.207756232686981,2.681440443213297,1.3407202216066485,-18.36714786885993,-20.233309441841552,32.04469110153551,-31.553467543669647,5.6881785088669226,72.94736842105266,-23.18559556786702,-126.85872576177285,82.22160664819943,-82.6038781163435,55.85595567867035,-113.53965722686144,-0.6168210526315793,-0.4722383394080596,-15.718420844432616,-4.830102863408673,2.140239378013733,8.314524474621003,2.613076674107132,-0.4695290858725763,-13.29384988880125,-11.937213209350258,0.6421006782324845,0,0,0,0,2,0,0,0,0,0.0,0.0,0.0,0.0,0.0,0.0,0.0,0.0,0.0,0.0,0.0,0.0,0.0,0.0,4.895483475517775,0.0,0.0,10.023291153407584,0.0,0.0,5.687386274683562,4.895483475517775,5.687386274683562,0.0,24.26546827384644,0.0,0.0,0.0,0,0,0,0,0,0,0
0,0,79.6600502198908,0,0,0,-27.16017777777777,-4.0656,-0.1216,-0.032,-7.182579149519891,-13.34320781893004,8.647095884773655,-22.910908641975304,6.341930041152271,67.91839999999992,-20.38560000000001,-57.4768,63.05600000000001,-187.5216,101.528,-447.3619197580954,-0.4628070400000007,-5.323376479158289,-26.01224349006175,-1.8312576632926187,11.744871942738875,3.498074015303923,-4.4719767048993,-0.252637037037037,-11.292574658702776,-1.4404234389299446,0.6441079377380572,0,0,0,0,1,0,1,0,0,0.0,0.0,0.0,0.0,0.0,0.0,0.0,0.0,0.0,0.0,0.0,0.0,11.336785877934735,0.0,4.895483475517775,0.0,5.131558479839333,0.0,10.023291153407584,0.0,10.818944754522896,4.895483475517775,10.818944754522896,0.0,41.799097723394254,5.380062770465915,0.0,0.0,1,0,0,0,0,0,0
1,0,319.6226417336627,0,1,0,-48.753086419753096,0.2318594104308402,6.764739229024944,-1.7448979591836726,-38.72073329535035,4.718268116828607,-24.58631498883149,21.97400595786758,7.4231939765694435,49.51020408163264,-6.020408163265323,-215.1428571428572,142.1632653061225,12.489795918367369,204.2244897959184,-101.0095348914249,-0.2398777777777779,3.6489576962586394,7.290693594010272,-25.037756705113424,-14.537280102240974,22.85446156335806,0.3471576734624184,-0.2207697893972403,-5.099899524029974,-12.98368865801156,0.6234000780762069,1,1,0,0,0,0,0,0,0,0.0,0.0,0.0,0.0,0.0,0.0,0.0,0.0,0.0,0.0,0.0,0.0,0.0,18.19910120538483,6.4208216229260096,5.817220841045895,0.0,0.0,0.0,0.0,4.39041504767482,12.238042463971905,11.136556021766264,27.168595519050303,12.13273413692322,24.454870388896232,25.132491443447723,-1.3277258272965335,0,1,0,1,0,0,0
0,1,185.81160005158767,0,0,0,74.2222222222222,-1.4371455576559533,-4.435727788279772,-3.811909262759925,3.216399368194773,-10.393040661521985,84.34350868100124,-34.04946942233839,-60.85154465228022,116.82797731568988,25.856332703213628,-33.8790170132325,239.40831758034017,-275.7618147448014,-191.65973534971647,-560.1799571922825,-0.1873749999999987,8.561751228044997,4.991864515688373,-26.44778026180617,34.33893053475644,-6.467126704369423,-7.004414456532502,0.1139601139601139,0.4260362909138717,-7.670119238221694,0.6420940580323067,4,0,1,0,1,0,0,1,1,0.0,0.0,0.3160820971907279,0.0,0.0,0.0,0.0,0.0,0.0,0.0,0.0,0.0,0.0,6.923737199690624,17.568732508492303,5.749511833283905,0.0,10.023291153407584,5.907179729351506,5.749511833283905,0.0,16.366114696566278,18.33610906834444,25.931156057677168,25.308898746662365,0.0,0.0,-0.0518771783404712,0,1,1,0,0,0,0
0,0,78.27105630637806,0,0,0,-85.1875,3.25,5.25,2.75,-17.684570312499996,-37.58535427517361,-51.85988362630208,-4.584737141927079,-18.333095974392364,-1.0,83.8125,68.5,-167.625,61.0625,-13.0625,401.177248573842,-0.2235625000000007,11.094383244753134,-17.684154677059706,-5.771257487905935,10.38501532974005,1.825857805374324,6.152286411770309,-0.03125,2.147811443686383,-7.284923536269486,0.9876690641722836,2,1,1,0,0,0,0,0,0,3.559494047619048,0.0,-0.1540740740740744,-1.2039583333333337,0.0,0.0,0.0,0.0,0.0,0.0,0.0,0.0,6.578935683598497,26.344316129141134,0.0,5.41499046939678,0.0,11.814359458703011,0.0,0.0,4.794537184071822,12.338727669087405,6.4208216229260096,0.0,6.076020106833881,0.0,13.847474399381248,-1.2179629629629622,0,0,0,0,0,0,0
0,0,320.5636985984762,0,0,0,21.627589021528426,2.1101928374655654,-2.7640036730945816,-3.718089990817263,-8.359650800938677,23.58790344522666,-7.43587318187486,-10.791585892595997,-3.898070916799868,70.2396694214876,43.23966942148762,-20.68595041322314,-166.59504132231405,-64.86776859504133,-92.6694214876033,-27.32905321680433,-0.5420882460973363,18.54021346105815,-13.05361850663306,14.290474678888224,-16.906847870727557,18.114625619719813,-8.740626952695278,-1.452498133917592,-3.6249022624241856,-8.275995293233743,0.6447473210287313,0,0,0,0,0,0,1,1,0,0.0,0.0,0.0,0.0,0.0,0.0,0.0,0.0,0.0,0.0,0.0,0.0,11.336785877934735,6.06636706846161,4.877147193701299,10.713346253352803,11.456204184712009,0.0,15.930470882759089,0.0,5.817862777835028,27.04669763176611,0.0,15.64200186923097,19.31088262275188,23.579163975850744,0.0,-0.8540225812547231,1,0,0,1,0,0,1
0,1,2822.90108383506,0,0,0,-9.271468144044324,-11.48770775623269,-10.56128808864266,3.676073407202216,6.329409048938139,-13.741343490304708,0.190520160049241,-0.4770313942751628,-30.911318867343788,16.56509695290864,23.988919667590093,-112.00831024930744,-93.85318559556788,-34.32132963988922,-175.08310249307476,-518.7563920605027,-0.1085124653739497,10.86037213934236,-26.54591872894487,-7.078818297081501,-28.55866364509325,-22.93068444830305,7.987411871672045,-0.190623159639671,-5.652575821665713,-1.5432645481892115,0.9898918928744384,6,0,2,0,0,0,0,1,0,0.0,0.0,-0.2377024532911709,-0.8404722766339823,0.0,0.0,0.0,0.0,0.0,0.0,0.0,0.0,0.0,105.70035055753443,6.103966387748303,5.601050810983688,0.0,0.0,0.0,0.0,0.0,11.332896515558172,0.0,62.007910184532754,5.563451491696996,0.0,36.39820241076966,0.1763621978840091,0,0,0,0,0,0,0
0,0,126.88472558067302,0,0,0,17.630987088713045,-6.183256976259886,-0.0453977509371115,6.292378175760097,-2.8027615808228044,6.644685084918301,-7.8981847841177375,-3.2771356842056543,-10.517914989124897,18.661391087047058,60.2399000416493,-115.26822157434404,68.12286547271971,-13.74094127446898,18.654727197001257,-349.2695447722804,-0.0854635985006232,11.360718041636986,-23.01301711904283,-4.383585857255774,21.288276939517253,-13.838652197135136,5.005436256773303,-0.3652913436605715,-5.765896103816005,-11.291003505809236,0.9950199632636276,2,1,4,0,0,0,0,0,0,0.0,0.0,2.146860066557486,0.4394142494960948,0.0,0.0,0.0,0.0,0.0,0.0,0.0,0.0,0.0,19.420578929450517,6.103966387748303,0.0,5.783244946364939,0.0,0.0,0.0,0.0,16.933947326541862,11.701150992526332,37.51909858402682,31.256391021773304,0.0,6.076020106833881,2.5743902615058363,0,1,0,0,0,1,0
0,0,218.42758786113612,0,0,0,-16.413988657845003,5.57088846880907,-2.4914933837429105,-4.372400756143668,-0.6890621718126442,-21.14614839319471,-14.922311489182942,37.17513390044108,-4.5450929426591085,14.36483931947071,59.58790170132328,-42.00567107750472,-135.99054820415876,253.4688090737239,-71.14177693761813,482.0473950931539,-0.3757105860113438,35.79664485277056,-7.971629060791384,-2.136719277862116,-26.004443302242915,-14.386362428345883,-18.04998011952568,-0.5328588902479707,-3.345352610073383,-6.72951379177841,0.9966212779121428,2,0,0,0,2,0,2,0,4,0.0,0.0,0.0,0.0,0.0,0.0,0.0,0.0,0.0,0.0,0.0,4.9839785209472085,0.0,0.0,20.826477047067986,12.424744742347947,11.49902366656781,11.6978511142704,0.0,17.248535499851716,11.766202058821523,5.948339280986494,42.70098382963859,11.126902983393991,0.0,27.52623619544568,12.13273413692322,2.1548710031060683,0,0,0,0,0,0,0
0,0,119.33870519859806,0,0,0,-64.56599286563616,0.5873959571938155,0.1783590963139129,4.1640903686088,-32.23708548024839,-14.00373232923768,-44.22750693618707,42.90870656625712,5.834324217201744,4.322235434007146,20.562425683709893,20.15814506539834,-91.87990487514864,12.708680142687278,52.58026159334126,-268.787622644581,-0.2392174791914391,-4.875297894396125,1.530749841571146,8.966305281039913,-12.801436803593944,-11.069153508587313,2.9995139592683886,-0.9210911785486566,1.618925728010966,-1.40034046242843,1.8931692432272436,0,0,1,0,0,0,0,1,0,0.0,0.0,-0.8980555555555554,0.0,0.0,0.0,0.0,0.0,0.0,0.0,0.0,0.0,0.0,12.13273413692322,11.126902983393991,6.041840829147961,0.0,11.814359458703011,11.814359458703011,0.0,0.0,18.748822975203524,11.126902983393991,4.899909730850478,0.0,24.26546827384644,0.0,-1.9223952296968152,0,1,1,1,0,0,1
0,1,176.70966987415295,2,0,0,-73.34090909090907,15.879132231404956,-13.88429752066115,4.899793388429757,8.646256600091828,-9.612111885904504,4.130011047979796,-6.505323117539029,-6.030023243801652,37.66115702479334,76.28512396694212,17.276859504132148,-98.72933884297518,-168.47107438016522,-86.65289256198342,-1089.978479234038,0.3838524793388402,40.434757925385206,4.871644086002101,-2.6907356164780247,-30.31306063538128,-20.538536204456555,-1.4257845318808589,-0.2930189918450002,-0.095193362573907,-8.979091867430844,0.9961948369351996,1,2,2,0,0,0,0,1,3,0.0,0.0,0.3938898337112618,-0.0746759259259259,0.0,0.0,0.0,0.0,0.0,0.0,0.0,0.0,0.0,12.142387175295491,19.634585551951847,5.759164871656176,17.602990054316113,0.0,0.0,11.49902366656781,0.0,11.51895685714508,6.041840829147961,36.64458818998858,16.70000751346326,14.219595082555069,6.06636706846161,2.677421579743009,0,1,1,0,0,1,1
0,0,51.9227400684025,0,0,0,13.42857142857143,1.8775510204081665,6.122448979591836,0.0,-14.803036029226508,-18.865646258503403,-11.466931216931222,-5.253212396069541,0.0,7.988662131519264,83.00907029478458,-27.167800453514744,-137.94557823129253,72.00680272108843,0.0,513.2269188733801,-0.3230297052154218,30.13896763368157,-20.964742643570432,7.103826943180553,-6.45722497358785,4.34508033798569,0.0,-1.5393801965230536,-12.131857075363104,-9.633838520364035,0.996019265217669,0,0,0,2,0,1,1,0,0,0.0,0.0,0.0,0.0,0.0,0.0,0.0,0.0,0.0,0.0,0.0,0.0,0.0,0.0,6.3273200747645415,0.0,11.16387793838399,0.0,5.559266895052007,0.0,0.0,0.0,11.16387793838399,0.0,10.894419722555895,18.662443613145733,0.0,0.0,1,0,0,1,0,0,0
0,0,51.32934118224251,0,0,0,47.75510204081633,0.8775510204081656,1.5306122448979589,0.0,-0.699861426051904,-1.845804988662132,-7.617157974300834,3.65098261526833,0.0,7.988662131519264,83.00907029478456,17.832199546485256,-153.80272108843536,36.25170068027211,0.0,181.6132655844256,-0.3230297052154206,30.13896763368157,-26.523343271621435,-14.879336122531855,6.910590256067017,1.0774573269066725,0.0,-3.091761148904006,-10.906892435805378,-7.709963367050339,0.996026451521054,0,0,0,2,0,1,1,0,0,0.0,0.0,0.0,0.0,0.0,0.0,0.0,0.0,0.0,0.0,0.0,0.0,0.0,0.0,6.3273200747645415,5.516700717616262,5.647177220767728,0.0,5.559266895052007,0.0,0.0,11.24901029325548,11.16387793838399,4.567099647791355,17.942091705233086,7.04767198267719,0.0,0.0,1,0,0,1,0,0,0
0,0,133.76506554240123,0,0,2,0.9301935680536636,-8.069444444444441,-3.4513888888888893,-1.4236111111111125,-39.26588909622611,7.963537565200092,-17.109072079497057,24.931929995227595,-31.805216949353262,47.000000000000014,-46.56790123456787,-3.320987654320999,78.88888888888884,-134.32098765432096,-249.64197530864192,-119.46231493191638,-0.8155166666666669,-7.182938476988533,8.502193762588199,-9.313953365698502,0.6454503628906233,-10.0724249925912,-4.88077985825838,-0.4316791938745978,-3.3510746259701696,-7.572330931956252,0.6158804725061495,2,0,3,0,0,0,0,0,0,0.0,0.0,-3.5693633580357966,0.0,0.0,0.0,0.0,0.0,0.0,0.0,0.0,0.0,0.0,35.33461391738825,17.544206269178655,6.103966387748303,14.673522826667558,0.0,5.907179729351506,0.0,0.0,4.895483475517775,5.563451491696996,6.255769183511404,24.26546827384644,0.0,0.0,-0.7461208742756356,0,0,0,0,0,0,0
0,1,298.2686780991796,0,0,0,-16.541714725105738,3.051518646674353,-17.27412533640907,-22.09342560553634,0.0622547305589439,2.7211458186652915,-0.0631701482335857,-0.6565366860588077,-4.563685935925247,64.27681660899653,22.179930795847746,22.04844290657438,244.5743944636678,-162.73702422145325,-168.72664359861588,-691.356344948229,0.3941683967704715,12.129979280143948,10.189377768233186,6.947641971106163,30.926934128451144,-20.924168790324625,-34.69427202090801,-0.0600799247684271,1.8773863379050584,-4.732638549967076,0.6309032011344605,2,0,1,0,0,0,0,2,0,0.0,0.0,0.7246987328882167,0.0,0.0,0.0,0.0,0.0,0.0,3.73343588039746,0.0,0.0,11.761884949391115,30.31544070924034,11.374772549367124,0.0,0.0,0.0,0.0,0.0,11.374772549367124,0.0,0.0,12.586597235060536,58.28926587353708,0.0,23.52376989878223,0.0,0,0,0,0,0,1,1
0,0,26.534691139697223,0,0,0,-25.92,-3.5600000000000005,0.0,0.0,-19.735555555555557,6.253333333333332,-17.986666666666665,0.0,0.0,-3.6000000000000103,44.03999999999999,-54.68000000000001,58.12000000000002,0.0,0.0,0.0,-0.4292400000000012,6.963846385207836,-21.811191917835437,-1.016826412065726,1.3137127953680492,0.0,0.0,-0.9733333333333332,-16.565117043999493,-4.720137366933796,0.9959534381087418,1,0,0,0,0,2,0,0,0,0.0,0.0,0.0,0.0,0.0,0.0,0.0,0.0,0.0,0.0,0.0,0.0,0.0,0.0,0.0,0.0,0.0,0.0,5.559266895052008,0.0,0.0,5.559266895052008,5.563451491696996,0.0,6.196843571613076,6.923737199690624,0.0,0.0,0,0,0,0,0,0,0
0,0,220.65273496585783,0,1,0,86.14049586776858,-1.3084297520661146,1.6317355371900817,3.4899173553719,49.31961662075298,-81.1725780532599,38.8267906336088,38.1557621671258,-33.580348943985314,-8.264462809917369,93.97520661157024,13.190082644628088,-195.6776859504133,148.62809917355375,-28.19008264462809,552.2536028191339,-1.0654078677685876,6.379602927477243,-29.073259261051227,-36.0072006240724,41.27096730806527,3.746595815936536,8.237447051585358,-0.8628304927814546,-2.8182180428351464,-11.441212840693082,0.9950254044538984,3,3,4,0,0,0,0,0,0,0.0,0.0,-4.212255815906611,-6.759215744939951,0.0,0.0,0.0,0.0,0.0,0.0,0.0,0.0,0.0,18.572861836593773,12.207932775496603,6.606881964512918,22.836300522459243,0.0,0.0,0.0,4.39041504767482,18.62488819221696,18.414747775921285,0.0,18.228060320501644,13.847474399381248,0.0,-2.379245483527816,0,1,0,0,0,1,0
0,0,117.95971318410032,0,0,0,-39.55999999999999,3.0677777777777786,-0.0622222222222235,2.4477777777777754,0.5432098765432087,-19.77777777777778,12.629629629629626,-23.20987654320988,5.049382716049387,-8.880000000000017,65.63999999999999,11.23999999999997,-136.28000000000003,-144.24,80.32000000000002,-440.7887895156603,-0.9600080000000026,9.335919677434353,0.6239041937696861,-6.152035698244546,-12.152427764762782,0.0314394035717957,-5.457564023267357,-0.5986206896551723,-0.326593895302124,-7.274272049820004,2.7343981692552384,0,0,0,2,3,0,4,0,0,0.0,0.0,0.0,0.0,0.0,0.0,0.0,0.0,0.0,0.0,0.0,9.967957041894415,0.0,30.33183534230805,0.0,5.693927994848461,22.799603494054047,5.948339280986494,0.0,11.257379486545457,17.58406483665655,17.58406483665655,16.85780593323245,5.563451491696996,0.0,0.0,30.33183534230805,0.5088354014445291,0,0,0,0,1,0,0
0,0,161.27141296599143,0,0,2,-26.895641219450734,3.2514285714285736,-3.400816326530614,-0.1077551020408185,-0.785966362768244,-2.494206271443191,-4.762440705591794,3.3369893215631024,-0.635341271396533,8.688163265306125,69.85142857142858,-126.99265306122447,-60.817959183673466,223.11346938775512,-233.9077551020408,341.4601891210446,0.3140479183673465,-5.142693206238215,22.70291835216654,-28.2533315805624,-3.689949908041267,-5.4092175483350085,-6.347378339103208,-0.8032518686486941,2.07889549052212,-6.383423984627071,0.7730735871434327,2,0,0,0,0,0,2,0,0,0.0,0.0,0.0,0.0,0.0,0.0,4.741635802469135,0.0,0.0,0.0,0.0,0.0,10.197363616602075,41.40098098584986,11.399071277454263,12.3691609039125,5.824404497999927,0.0,0.0,5.687386274683562,0.0,0.0,16.590023033395227,34.17478325684811,0.0,0.0,53.955406326713245,1.6178769316368524,1,0,0,0,0,1,1
0,0,124.77224488022031,0,0,0,15.028928336620645,4.376068376068382,6.176857330703481,-5.93819855358317,-1.6403681788297173,-23.129830520856164,-18.4086858061217,39.132405581123535,7.013112718240921,8.823142669296491,86.60683760683762,-40.89546351084815,-212.87310979618675,352.95989480604874,29.9809335963182,1357.512382197987,-0.4439433267587156,36.78583345783076,-14.025090508137566,-6.619889406438938,-31.91078317373381,4.236896376089033,-26.04509164163449,-1.1409009499195173,-6.075743317927268,-10.605370411035256,0.99662326481832,0,0,0,0,2,0,2,0,3,0.0,0.0,0.0,0.0,0.0,0.0,0.0,0.0,0.0,0.0,0.0,4.9839785209472085,0.0,0.0,21.3293926238326,5.817862777835028,11.49902366656781,11.6978511142704,0.0,17.248535499851716,11.766202058821523,5.948339280986494,29.487219900612757,11.126902983393991,0.0,27.52623619544568,12.13273413692322,2.228001325657802,0,0,0,0,0,0,0
0,0,106.8600020806331,0,0,0,-36.0,4.5600000000000005,7.800000000000002,6.720000000000001,1.146666666666667,-1.2533333333333343,-3.3599999999999985,-0.1999999999999984,1.9200000000000013,12.0,-24.0,33.0,-102.0,30.0,72.0,270.1528961270676,0.0587999999999968,-5.248236180911222,7.2163247487525775,-22.305003768871927,-20.992944723643987,6.560295226139031,15.74470854273326,-0.6666666666666666,4.127335913052415,-5.25297298024853,2.751114809860031,0,0,0,6,0,0,0,0,0,0.0,0.0,0.0,0.0,0.0,0.0,0.0,0.0,0.0,0.0,0.0,0.0,0.0,72.79640482153933,0.0,0.0,0.0,0.0,0.0,0.0,0.0,0.0,0.0,0.0,32.31734528678877,0.0,0.0,0.0,0,0,0,0,0,1,0
0,0,135.25902068685087,0,0,0,-47.32123735871508,-1.4128494943486043,2.6210588935157664,1.848899464604404,-7.113540220768059,-11.278653579218725,-18.92891136228436,-4.504263335316275,2.6689966289906897,6.719809637120742,-36.06424747174302,-4.862581796549674,-28.455681142177284,-15.69958358120167,37.29327781082691,-2.8635879141733938,-0.0567468768590137,5.2555293582705325,-8.378709498334793,10.73712560611336,-18.28651333833444,3.2817235320313656,1.8448608232477304,-0.2449331786242276,-1.5739770339156922,-6.167907158665913,0.9880122215951296,4,0,1,0,0,0,1,1,0,0.0,0.0,-0.5064932917611493,0.0,0.0,0.0,0.0,0.0,0.0,0.0,0.0,0.0,0.0,30.33183534230805,12.52478801067431,0.0,0.0,5.907179729351506,0.0,0.0,0.0,12.514061693864424,13.08951281182515,11.126902983393991,0.0,17.29359687407663,49.38830667892189,-0.5592597316704462,0,0,0,0,0,0,0
0,0,200.90599982561795,0,0,0,-101.55555555555556,-5.360493827160494,-4.558024691358024,-2.604938271604939,-6.034979423868309,-3.9495884773662606,-41.66452331961592,-18.70490397805213,28.46750685871057,-0.7777777777778052,53.2222222222222,-41.33333333333334,34.333333333333314,-69.8888888888889,-62.77777777777777,-183.5377106562885,-0.1457817777777804,10.552502419931308,-34.93696648847457,-40.5175865187414,27.60580857008359,-9.681286606974282,10.6674017451353,-0.203405017921147,-7.807170886783154,6.512880451316748,0.9871438878876504,6,0,0,0,1,0,0,0,2,0.0,0.0,0.0,-0.3969481056311417,0.0,0.0,0.0,0.0,0.0,0.0,0.0,0.0,0.0,33.61285484492389,0.0,13.213763929025836,0.0,0.0,0.0,0.0,9.589074368143644,13.213763929025836,6.544756405912575,25.68328649170404,0.0,0.0,20.771211599071872,0.0,0,0,0,0,0,0,0
0,0,22.28783589411512,0,0,0,0.0,-2.333333333333334,0.0,0.0,-30.17824074074074,-11.331018518518515,0.0,0.0,0.0,-5.333333333333327,-1.499999999999995,-49.083333333333336,-9.583333333333336,0.0,0.0,0.0,-0.5651333333333335,1.3230086783840214,-4.836712196407341,1.1781530864916572,0.0,0.0,0.0,0.8333333333333334,-3.9421165338838593,1.0540592355592495,2.8305189759438854,0,0,0,0,0,2,0,0,0,0.0,0.0,0.0,0.0,0.0,0.0,0.0,0.0,0.0,0.0,0.0,0.0,0.0,0.0,0.0,0.0,0.0,0.0,5.559266895052008,0.0,0.0,5.559266895052008,0.0,0.0,12.263210640074686,0.0,4.9839785209472085,0.0,0,0,0,0,0,0,0
0,0,47.0379944908677,0,0,0,0.5625,-2.328125,0.0,0.0,-50.0,-11.52951388888888,6.673611111111113,0.0,0.0,-14.609375,16.046875,-88.5,-8.640625,0.0,0.0,0.0,-1.4365964843750003,5.403044644049951,-6.290549048910497,0.9228244463262184,1.0115637381075546,0.0,0.0,1.050625,-6.933703205480933,-0.7215782131290592,3.667867827783226,0,0,0,2,0,4,0,0,0,0.0,0.0,0.0,0.0,0.0,0.0,0.0,0.0,0.0,0.0,0.0,0.0,0.0,0.0,0.0,11.16387793838399,0.0,0.0,5.559266895052008,0.0,0.0,11.16387793838399,0.0,0.0,0.0,0.0,4.9839785209472085,0.0,1,0,0,1,0,0,0
0,0,84.78301769199042,0,0,0,-0.0625,4.75,5.25,2.25,-16.437757703993046,-71.98307291666666,10.087856716579871,-52.38526068793402,4.171529134114586,-1.0,111.3125,91.875,-304.25,-131.8125,81.0625,-109.139929367641,-0.2235625000000007,14.570827490605245,-12.309083283264428,2.58492577213812,-6.041059746500726,13.177405380589253,4.651133515560958,-0.5368975903614458,5.478725258564884,-13.77907384554488,0.9872099128514196,3,1,0,0,0,0,0,0,0,0.0,0.0,0.0,-1.2322222222222226,0.0,0.0,0.0,0.0,0.0,0.0,0.0,0.0,0.0,25.4965990362844,0.0,5.41499046939678,0.0,11.814359458703011,0.0,0.0,4.794537184071822,0.0,11.993926152995275,6.4208216229260096,0.0,13.847474399381248,12.999757306524504,-1.0723148148148138,0,0,0,0,0,0,0
0,0,41.104592739220585,0,0,0,-7.679999999999996,-1.6222222222222225,0.0,0.0,-26.700987654321,-6.575555555555556,-11.181851851851857,0.0,0.0,-8.760000000000005,2.1999999999999997,-39.08,11.480000000000008,0.0,0.0,0.0,-1.0252440000000012,6.794614216524808,-7.068695641667874,-0.1013540244637243,0.8546795314565161,0.0,0.0,0.24,-6.274450273631191,-6.402784008308464,2.96668379857433,0,0,0,2,0,3,1,0,0,0.0,0.0,0.0,0.0,0.0,0.0,0.0,0.0,0.0,0.0,0.0,0.0,0.0,0.0,6.3273200747645415,5.516700717616262,5.647177220767728,0.0,5.559266895052007,0.0,0.0,11.16387793838399,0.0,0.0,6.3273200747645415,0.0,0.0,0.0,1,0,0,1,0,0,0
0,0,112.04511433984128,0,0,0,-33.796875,-2.177734375,-6.0224609375,1.09765625,-10.334716796875,-27.324435763888893,-14.438449435763886,-3.060302734375,6.498372395833333,5.890625,18.65625,-46.296875,-3.375,9.515625,12.9375,-183.98549669715416,-0.2160683593750003,8.255081667494672,-34.209872867912736,-1.6441210141260552,4.579490708609911,-11.61294886579975,-5.463247488453247,-0.54375,-4.978361081537097,-1.5069143350528953,0.995949650392978,3,0,3,0,0,1,0,0,1,0.0,0.0,-1.8658626228269093,0.0,0.0,0.0,3.529524596875788,0.0,0.0,0.0,0.0,0.0,0.0,5.114250125629398,18.75268918140918,6.22790117073487,0.0,0.0,5.559266895052008,0.0,0.0,13.027703587438928,5.563451491696996,0.0,10.763943219404432,6.923737199690624,0.0,0.0,0,1,1,0,0,0,0
0,0,84.38606461952774,0,0,0,28.401360544217688,-2.719387755102039,-3.4387755102040827,1.7448979591836724,21.885238637636128,-18.229962766999787,1.0375041992105518,2.9492481663447268,-11.876342872539963,9.612244897959172,86.91836734693877,-70.87755102040819,5.142857142857153,24.693877551020424,3.632653061224505,-156.49344999860284,-0.070835586734694,21.263823278448207,7.066838926929021,-16.599644775012873,-18.11956820421319,-13.161108306148792,-3.5802498549384407,-1.0419687000483255,-2.4838859478885174,-14.315466756717068,0.6531764857931486,1,0,1,2,1,0,0,1,0,0.0,0.0,-0.4213888888888892,0.0,0.0,0.0,0.0,0.0,0.0,0.0,0.0,5.063217724965349,11.336785877934735,18.19910120538483,6.041840829147961,0.0,0.0,0.0,0.0,0.0,4.794537184071822,0.0,5.063217724965349,14.963291324635197,0.0,18.26052307762536,30.33183534230805,0.0,1,0,0,1,0,0,0
